Category,Text,Label
gender,"תגידי, הכל בסדר איתך?",3=ʔitˈaχ
gender,"אני נותן לך את הספר, תקרא אותו.",2=leχˈa
gender,"אני נותן לך את הספר, תקראי אותו.",2=laχ
gender,"הבית שלך מאוד יפה, אתה קנית אותו מזמן?",1=ʃelχˈa
gender,ראיתי אותך הולך ברחוב.,1=ʔotχˈa
gender,"שלחתי אליך מכתב, את קיבלת אותו?",1=ʔelˈaiχ 4=kibˈalt
gender,"תודה לך, אתה עוזר לי מאוד.",1=leχˈa
gender,"אני מחכה לך, תזדרזי.",2=laχ
gender,"המפתח נשאר אצלך, אתה בטוח?",2=etsleχˈa
gender,"המפתח נשאר אצלך, את בטוחה?",2=etslˈeχ
gender,"אני חוזר אליך, חכה לי דקה.",2=ʔelˈeχa
gender,מה שמעתי ממך? אתה עוזב?,2=mimχˈa
gender,מה שמעתי ממך? את עוזבת?,2=mimˈeχ
gender,"הכיסא הזה בשבילך, שב בבקשה.",2=biʃvilχˈa
gender,מי עומד מולך? אתה מכיר אותו?,2=mulχˈa
gender,מי עומדת מולך? את מכירה אותה?,2=mulˈeχ
gender,"הכל קרה בגללך, אתה תמיד מאחר.",2=biɡlalχˈa
gender,"הכל קרה בגללך, את תמיד מאחרת.",2=biɡlalˈeχ
gender,"אני לא הולך בלעדיך, אתה בא איתי?",3=biladˈeχa
gender,"אני לא הולכת בלעדיך, את באה איתי?",3=biladˈaiχ
gender,"אני רץ אחריך, חכה רגע!",2=ʔaχarˈeχa
gender,"אני רצה אחריך, חכי רגע!",2=ʔaχarˈaiχ
gender,"אני רוצה להיות איתך, אתה חבר טוב.",3=ʔitχˈa
gender,"אני רוצה להיות איתך, את חברה טובה.",3=ʔitˈaχ
gender,איך המרגש אצלך? אתה נראה מרוצה.,2=etsleχˈa
gender,"אני סומך עליך, אתה תצליח.",2=ʔalˈeχa
gender,"אני סומכת עליך, את תצליחי.",2=ʔalˈaiχ
gender,"יש לי אמון בך, אתה תותח.",3=beχˈa
gender,"יש לי אמון בך, את תותחית.",3=baχ
gender,"כל העתיד לפניך, אתה צעיר.",2=lefanˈeχa
gender,"כל העתיד לפניך, את צעירה.",2=lefanˈaiχ
gender,"תשמור על עצמך, אתה חשוב.",2=ʔatsmeχˈa
gender,"תשמרי על עצמך, את חשובה.",2=ʔatsmˈeχ
gender,"השמיים פתוחים מעליך, אתה חופשי.",2=meʔalˈeχa
gender,"השמיים פתוחים מעליך, את חופשיה.",2=meʔalˈaiχ
gender,"האדמה רועדת מתחתיך, אתה מרגיש?",2=mitaχtˈeχa
gender,"האדמה רועדת מתחתיך, את מרגישה?",2=mitaχtˈaiχ
gender,"כולם יודעים מה שמך, אתה מפורסם.",3=ʃimχˈa
gender,"כולם יודעים מה שמך, את מפורסמת.",3=ʃmeχ
gender,"אני שומע את קולך, אתה קרוב.",3=kolχˈa
gender,"אני שומע את קולך, את קרובה.",3=kolˈeχ
gender,"אני תמיד פה לידך, אתה בטוח.",3=lejadχˈa
gender,"אני תמיד פה לידך, את בטוחה.",3=lejadˈeχ
gender,"אף אחד לא נגדך, אתה מגזים.",3=neɡdeχˈa
gender,"אף אחת לא נגדך, את מגזימה.",3=neɡdˈeχ
gender,"הקהל כולו כאן בעדך, אתה מנצח.",3=baadχˈa
gender,"הקהל כולו כאן בעדך, את מנצחת.",3=baadˈeχ
gender,"יש הרבה רעש סביבך, אתה שומע?",3=svivχˈa
gender,"יש הרבה רעש סביבך, את שומעת?",3=svivˈeχ
gender,"עשיתי את זה למענך, אתה מעריך?",3=lemaanχˈa
gender,"עשיתי את זה למענך, את מעריכה?",3=lemaanˈeχ
gender,"בוא נראה את עיניך, אתה עייף?",3=ʔeinˈeχa
gender,"בואי נראה את עיניך, את עייפה?",3=ʔeinˈaiχ
gender,"אני אוחז בשתי ידיך, אתה יציב.",3=jadˈeχa
gender,"אני אוחז בשתי ידיך, את יציבה.",3=jadˈaiχ
gender,"תסתכל לאן הולכות רגליך, אתה ממהר.",3=ʁaɡlˈeχa
gender,"תסתכלי לאן הולכות רגליך, את ממהרת.",3=ʁaɡlˈaiχ
gender,"רואים את הפחד על פניך, אתה חיוור.",4=panˈeχa
gender,"רואים את הפחד על פניך, את חיוורת.",4=panˈaiχ
gender,"איזה יופי יש בשערך, אתה מסתפר?",4=biseaɾχˈa
gender,"איזה יופי יש בשערך, את מסתפרת?",4=besaaʁˈeχ
gender,"מי מטפל כעת בכלבך, אתה בעבודה?",3=bekalbeχˈa
gender,"מי מטפלת כעת בכלבך, את בעבודה?",3=bekalbˈeχ
gender,"האכלתי היום את חתולך, אתה רגוע?",3=χatulχˈa
gender,"האכלתי היום את חתולך, את רגועה?",3=χatulˈeχ
gender,"צבעו לך את ביתך, אתה מרוצה?",3=beitχˈa
gender,"צבעו לך את ביתך, את מרוצה?",3=beitˈeχ
gender,"סידרתי לך את חדרך, אתה בא?",3=χadaʁχˈa
gender,"סידרתי לך את חדרך, את באה?",3=χadʁˈeχ
gender,"קראתי בשקיקה את ספרך, אתה סופר.",3=sifʁeχˈa
gender,"קראתי בשקיקה את ספרך, את סופרת.",3=sifʁˈeχ
gender,"אתה צריך לשמור על כספך, אתה פזרן.",4=kaspeχˈa
gender,"את צריכה לשמור על כספך, את פזרנית.",4=kaspˈeχ
gender,"אני לא אקח מזמנך, אתה ודאי עמוס.",4=mizmanχˈa
gender,"אני לא אקח מזמנך, את ודאי עמוסה.",4=mizmanˈeχ
gender,"איפה חנית את רכבך, אתה זוכר?",3=ʁiχbeχˈa
gender,"איפה חנית את רכבך, את זוכרת?",3=ʁiχbˈeχ
gender,"שכחת פה את תיקך, אתה צריך?",3=tikχˈa
gender,"שכחת פה את תיקך, את צריכה?",3=tikˈeχ
gender,"יש כתם קטן על בגדך, אתה רואה?",4=biɡdeχˈa
gender,"יש כתם קטן על בגדך, את רואה?",4=biɡdˈeχ
gender,"האם אתה אוהב את ארצך, אתה נשאר?",4=ʔaʁtseχˈa
gender,"האם את אוהבת את ארצך, את נשארת?",4=ʔaʁtsˈeχ
gender,"מתי תעזוב את עירך, אתה עובר?",3=ʔiʁχˈa
gender,"מתי תעזבי את עירך, את עוברת?",3=ʔiʁˈeχ
gender,"הקשבתי היטב לכל דבריך, אתה צודק.",3=dvaʁˈeχa
gender,"הקשבתי היטב לכל דבריך, את צודקת.",3=dvaʁˈaiχ
gender,"אני מעריך את כל מעשיך, אתה צדיק.",4=maasˈeχa
gender,"אני מעריכה את כל מעשיך, את צדיקה.",4=maasˈaiχ
gender,"האם הזמנת את כל חבריך, אתה חוגג?",4=χaveʁˈeχa
gender,"האם הזמנת את כל חבריך, את חוגגת?",4=χaveʁˈaiχ
gender,"מי אוסף את ילדיך, אתה פנוי?",3=jeladˈeχa
gender,"מי אוספת את ילדיך, את פנויה?",3=jeladˈaiχ
gender,"האם דיברת היום עם הוריך, אתה מתגעגע?",4=hoʁˈeχa
gender,"האם דיברת היום עם הוריך, את מתגעגעת?",4=hoʁˈaiχ
gender,"ראיתי במקרה את אחיך, אתה דומה.",3=ʔaχˈiχa
gender,"ראיתי במקרה את אחיך, את דומה.",3=ʔaχˈaiχ
gender,"פגשתי אתמול את אחיותיך, אתה שמח?",3=ʔaχjoteχˈa
gender,"פגשתי אתמול את אחיותיך, את שמחה?",3=ʔaχjotˈaiχ
gender,"אני מחפש את אשתך, אתה שם?",3=ʔiʃteχˈa
gender,"אני מחפש את אשתך, את שם?",3=ʔiʃtˈeχ
gender,"מהי באמת דעתך, אתה משתף?",2=daatχˈa
gender,"מהי באמת דעתך, את משתפת?",2=daatˈeχ
gender,"אל תבזבז את כל כוחך, אתה תותש.",4=koχaχˈa
gender,"אל תבזבזי את כל כוחך, את תותשי.",4=koχˈeχ
gender,"אתה צריך לאמץ את מוחך, אתה לומד?",4=moχaχˈa
gender,"את צריכה לאמץ את מוחך, את לומדת?",4=moχˈeχ
gender,"כדאי שתשמור על גופך, אתה ספורטאי.",3=ɡufχˈa
gender,"כדאי שתשמרי על גופך, את ספורטאית.",3=ɡufˈeχ
gender,"יש לך טוב בתוך לבך, אתה טהור.",4=libeχˈa
gender,"יש לך טוב בתוך לבך, את טהורה.",4=libˈeχ
gender,"אני מרגיש את עומק נשמתך, אתה עמוק.",4=niʃmatχˈa
gender,"אני מרגיש את עומק נשמתך, את עמוקה.",4=niʃmatˈeχ
gender,"היכן נמצאת כעת רוחך, אתה איתי?",3=ʁuχaχˈa
gender,"היכן נמצאת כעת רוחך, את איתי?",3=ʁuχˈeχ
gender,"אני רואה איך רותח דמך, אתה זועם.",4=damχˈa
gender,"אני רואה איך רותח דמך, את זועמת.",4=damˈeχ
gender,"השמש שרפה את עורך, אתה אדום.",3=ʔoʁχˈa
gender,"השמש שרפה את עורך, את אדומה.",3=ʔoʁˈeχ
gender,"הסכין חתכה את בשרך, אתה מדמם?",3=besaʁχˈa
gender,"הסכין חתכה את בשרך, את מדממת?",3=besaʁˈeχ
gender,"מה יהיה עם עתידך, אתה מתכנן?",3=ʔatidχˈa
gender,"מה יהיה עם עתידך, את מתכננת?",3=ʔatidˈeχ
gender,"אי אפשר לשנות את עברך, אתה משלים?",4=ʔavaʁχˈa
gender,"אי אפשר לשנות את עברך, את משלימה?",4=ʔavaʁˈeχ
gender,"אני מאוד מעריך את כבודך, אתה יקר.",4=kvodχˈa
gender,"אני מאוד מעריכה את כבודך, את יקרה.",4=kvodˈeχ
gender,"מהו בדיוק תפקידך, אתה הבוס?",2=tafkidχˈa
gender,"מהו בדיוק תפקידך, את הבוסית?",2=tafkidˈeχ
gender,"האם השגת את מטרתך, אתה גאה?",3=matʁatχˈa
gender,"האם השגת את מטרתך, את גאה?",3=matʁatˈeχ
gender,"עדיין לא הבנתי את שאלתך, אתה מסביר?",4=ʃeʔelatχˈa
gender,"עדיין לא הבנתי את שאלתך, את מסבירה?",4=ʃeʔelatˈeχ
gender,"קראתי בעיון את תשובתך, אתה חד.",3=tʃuvatχˈa
gender,"קראתי בעיון את תשובתך, את חדה.",3=tʃuvatˈeχ
gender,"המשך ללכת בתוך דרכך, אתה ממוקד.",4=daʁkeχˈa
gender,"המשיכי ללכת בתוך דרכך, את ממוקדת.",4=daʁkˈeχ
gender,"הלוואי שיאיר לך מזלך, אתה זוכה.",3=mazalχˈa
gender,"הלוואי שיאיר לך מזלך, את זוכה.",3=mazalˈeχ
gender,"האם אתה בוחר את גורלך, אתה יוזם?",4=ɡoʁalχˈa
gender,"האם את בוחרת את גורלך, את יוזמת?",4=ɡoʁalˈeχ
gender,"מתי תגשים את חלומך, אתה בדרך?",3=χalomχˈa
gender,"מתי תגשימי את חלומך, את בדרך?",3=χalomˈeχ
gender,"אני מבין היטב את פחדך, אתה נורמלי.",4=paχdeχˈa
gender,"אני מבינה היטב את פחדך, את נורמלית.",4=paχdˈeχ
gender,"תרגיע בבקשה את כעסך, אתה מגזים.",3=kaasχˈa
gender,"תרגיעי בבקשה את כעסך, את מגזימה.",3=kaasˈeχ
gender,"אני שותף מלא לכל שמחתך, אתה חוגג.",4=simχatχˈa
gender,"אני שותפה מלאה לכל שמחתך, את חוגגת.",4=simχatˈeχ
gender,"מי יעצור את סבלך, אתה בוכה?",3=sivleχˈa
gender,"מי יעצור את סבלך, את בוכה?",3=sivlˈeχ
acronyms,"הדו""ח שלך מוכן, אתה יכול להגיש אותו.",0=hadˈoχ
acronyms,"אני שולח אליך את המנכ""ל, תדבר איתו.",4=hamankˈal
acronyms,"דיברתי עם הסמנכ""ל והוא אישר את התקציב.",2=hasamankˈal
acronyms,"הוא שירת ביחידה מיוחדת בצה""ל לפני כמה שנים.",4=betsˈaal
acronyms,צריך להיכנס לממ״ד,2=lamamˈad
acronyms,הוא מתעסק בנדל״ן,2=benadlˈan
acronyms,הוא מע״ר במד״א,1=maˈaʁ 2=bemadˈa
acronyms,הוא שירת באמ״ן,2=baʔamˈan
acronyms,הוא שירת בשב״כ,2=baʃabˈak
acronyms,הפצ״רית החליטה שזה נכון,0=hapatzaʁˈit
acronyms,יש בית חב״ד בכל העולם,2=χabˈad
acronyms,תמסור לה ד״ש חם,2=dˈaʃ
acronyms,תביא קצת גבנ״צ לפיצה,2=ɡavnˈats
acronyms,הוא קיבל צל״ש בצבא,2=tsalˈaʃ
acronyms,האחמ״ש הזה ממש טוב,0=haʔaχmˈaʃ
acronyms,היועמ״ש הוא כמו שופט,0=hajoamˈaʃ
acronyms,הוא יחצ״ן מסיבות,1=jaχtsˈan
acronyms,הוא ח״כ כבר הרבה שנים בכנסת,1=χˈak
acronyms,איזה בלת״ק,1=baltˈak
acronyms,איזה כיסתו״ח,1=kastˈuaχ
acronyms,הרמטכ״ל נתן הנחיה חדשה,0=haʁamatkˈal
acronyms,המפכ״ל של המשטרה,1=hamafkˈal
acronyms,שוטרי ימ״ר מרכז,1=jamˈaʁ
acronyms,בג״ץ דחה את ההצעה,0=baɡˈats
acronyms,זה קרה בשנת תש״ח,3=taʃˈaχ
acronyms,פגשתי את הקב״ן בבסיס היום.,2=hakabˈan
acronyms,הוא יושב בחפ״ק ומנהל את האירוע.,2=baχapˈak
acronyms,המג״ד דיבר עם החיילים בבוקר.,0=hamaɡˈad
acronyms,הרס״ר נתן לו תלונה על הופעה.,0=haʁasˈaʁ
acronyms,הוא קודם לדרגת רס״ן.,3=ʁasˈan
acronyms,מפקד הטייסת הוא סא״ל.,3=saˈal
acronyms,תא״ל כהן נשא דברים בטקס.,0=taˈal
acronyms,הוא השתחרר בדרגת אל״מ.,3=ʔalˈam
acronyms,בבוקר היה לנו מד״ס קשה.,3=madˈas
acronyms,יש לו פז״ם של שלוש שנים.,2=pazˈam
acronyms,החופ״ל חילק פטורים.,0=haχopˈel
acronyms,קיבלתי הקלות ת״ש מהצבא.,2=tˈaʃ
acronyms,המש״ק חינוך אירגן את הסיור.,0=hamaʃˈak
acronyms,תבדוק מה המק״ט של החלק הזה.,2=hamakˈat
acronyms,ישבנו כל הלילה בחמ״ל.,3=baχamˈal
acronyms,המזל״ט צילם את המטרה מלמעלה.,0=hamazlˈat
acronyms,הצבא יירט מל״ט אויב.,2=malˈat
acronyms,הוא משרת בשב״ס כסוהר.,2=baʃabˈas
acronyms,לוחמי מג״ב תפסו את החשוד.,1=maɡˈav
acronyms,כוחות יס״מ פיזרו את ההפגנה.,1=jasˈam
acronyms,חוקרי מצ״ח הגיעו לבסיס.,1=matsˈaχ
acronyms,סבא שלי נלחם בשורות הפלמ״ח.,4=hapalmˈaχ
acronyms,לוחמי האצ״ל פעלו במחתרת.,1=haʔetsˈel
acronyms,גם אנשי הלח״י השתתפו במבצע.,2=halˈeχi
acronyms,אני מקשיב לחדשות בגל״צ.,3=beɡalˈats
acronyms,המחיר הזה כולל מע״מ.,3=maˈam
acronyms,התמ״ג של המדינה עלה השנה.,0=hatamˈaɡ
acronyms,היו״ר פתח את הישיבה.,0=hajˈoʁ
acronyms,הקמתי חברה בע״מ חדשה.,2=baˈam
acronyms,הציבור החרד״ל גדל בשנים האחרונות.,1=haχaʁdˈal
acronyms,אנחנו טסים לטיול בחו״ל מחר.,3=beχˈul
acronyms,נחתנו בנתב״ג לפנות בוקר.,1=benatbˈaɡ
acronyms,כוחות האו״ם מוצבים בגבול.,1=haʔˈum
acronyms,שיהיה לך סופ״ש נעים.,2=sofˈaʃ
acronyms,ניפגש במוצ״ש אחרי ההבדלה.,1=bemotsˈaʃ
acronyms,אני הולך לעשות שנ״צ קצר.,3=ʃnˈats
acronyms,למדנו את הפרק בשיעור תנ״ך היום.,4=tanˈaχ
acronyms,מפקד הפלנ״ט אישר את התוכנית.,1=hapalnˈat
acronyms,לוחמי הפלס״ר יצאו לנווט.,1=hapalsˈaʁ
acronyms,הפלח״ן פוצץ את המטען.,0=hapalχˈan
acronyms,המשטרה עצרה שב״ח באתר הבנייה.,2=ʃabˈaχ
acronyms,המסעדה הזאת בכשרות בד״ץ.,3=badˈats
acronyms,המלצר הביא לנו סכו״ם נקי.,3=sakˈum
acronyms,הלו״ז שלי מלא להיום.,0=halˈuz
acronyms,הוציאו אותי לחל״ת בגלל המשבר.,2=laχalˈat
acronyms,אם לא תבוא זה זב״ש שלך.,4=zbˈaʃ
acronyms,עצי היער ניטעו על ידי קק״ל.,5=kakˈal
acronyms,הבאתי פק״ל קפה לשטח.,1=pakˈal
acronyms,הקורס מתקיים בביסל״ח.,2=bevislˈaχ
acronyms,הוא מדריך בבה״ד שבע.,2=bebˈahad
acronyms,הסיירת מבצעת פעילות בט״ש בקו.,3=batˈaʃ
acronyms,חיילי החרמ״ש ירדו מהנגמ״ש.,1=haχeʁmˈeʃ
acronyms,הוא מתנדב במשא״ז בלילות.,2=bamaʃˈaz
acronyms,מתנדבי זק״א הגיעו לזירת התאונה.,1=zakˈa
acronyms,כוחות נאט״ו פרסו טילים באזור.,1=nˈato
acronyms,פרסתי את השק״ש באוהל.,2=haʃakˈaʃ
acronyms,הלכנו לקנות ממתקים בשק״ם בבסיס.,3=baʃˈekem
acronyms,אני משרת קל״ב וחוזר הביתה כל יום.,2=kalˈab
acronyms,שמעתי שיר יפה בגלגל״צ היום.,3=beɡalɡalˈats
acronyms,הקצין יצא ללימודים בפו״ם לשנה.,3=bepˈum
acronyms,המח״ט אישר את הפעולה בעצמו.,0=hamaχˈat
acronyms,הוא לומד מדמ״ח באוניברסיטה.,2=madmˈaχ
acronyms,יש חוג כדורסל במתנ״ס המקומי.,3=bamatnˈas
acronyms,השקעתי בקרן אג״ח ממשלתית.,2=ʔaɡˈaχ
acronyms,הרמ״ד העביר לנו תדריך בבוקר.,0=haʁamˈad
acronyms,הרע״ן דרש לקבל את המצגת.,0=haʁaˈan
acronyms,הקמ״ן הציג את תמונת המודיעין.,0=hakamˈan
acronyms,המנכ״לית החדשה נכנסה לתפקיד.,0=hamankˈalit
acronyms,המסמך הזה מסווג כבלמ״ס כרגע.,3=kabalmˈas
acronyms,הוא נחשד בכך שהיה משת״פ.,4=maʃtˈap
acronyms,כולם ללבוש שחפ״צ לפני היציאה.,2=ʃaχpˈats
acronyms,האירוע הוגדר כאירוע פח״ע ביטחוני.,3=paχˈa
acronyms,מערכת שו״ב חדשה הותקנה בחמ״ל.,1=ʃuv
acronyms,מחלקת מו״פ מפתחת את המוצר.,1=mˈop
acronyms,שינוי התב״ע אושר בוועדה המקומית.,1=hatabˈa
acronyms,מפקד התחנה קודם לדרגת נצ״מ.,4=natsˈam
acronyms,קצין בדרגת תנ״צ ניהל את החקירה.,2=tanˈats
acronyms,החייל ירה במא״ג לעבר המטרה.,2=bamˈaɡ
acronyms,קיבלנו רוס״ר חדש בטירונות.,1=ʁosˈaʁ
acronyms,הקב״ט בדק לנו את התיקים בכניסה.,0=hakabˈat
acronyms,הרבש״ץ סייר לאורך גדר היישוב.,0=haʁabʃˈats
acronyms,הוכרז מצב משק מל״ח בחירום.,3=melˈaχ
acronyms,בית המשפט פרסם פס״ד תקדימי.,3=psak dˈin
acronyms,קיבלתי הפניה לרופא בחר״פ בבוקר.,3=baχaʁˈap
acronyms,ראש אט״ל ביקר בבסיס ההספקה.,1=ʔatˈal
acronyms,סיירת מטכ״ל פעלה מעבר לגבול.,1=matkˈal
acronyms,קצין אג״ם תכנן את הפריסה בשטח.,1=ʔaɡˈam
acronyms,פעם הייתה בצה״ל דרגת טר״ש היסטורית.,2=betsˈaal 4=taʁˈaʃ
acronyms,הוא קיבל סמ״ר ממש לפני השחרור.,2=samˈaʁ
acronyms,הנגד בדרגת רס״ל חתם קבע.,2=ʁasˈal
acronyms,הרס״מ אחראי על המחסן הטכני.,0=haʁasˈam
acronyms,הרנ״ג משרת בבסיס כבר עשרים שנה.,0=haʁanˈaɡ
acronyms,הוא עתודאי ולכן הוא קמ״א כעת.,4=kamˈa
acronyms,הקשר סחב מ״ק על הגב.,2=mˈak
acronyms,המ״כ העביר לנו שיעור נשק.,0=hamˈak
acronyms,המו״ל החליט להדפיס מהדורה חדשה.,0=hamˈol
acronyms,פועלי מע״ץ סללו את הכביש.,1=maˈats
acronyms,משגר כטב״ם אותר והושמד.,1=katbˈam
acronyms,קניתי אופנוע עם מאתיים סמ״ק מנוע.,4=samˈak
acronyms,הוא נסע מאה קמ״ש בכביש מהיר.,3=kamˈaʃ
acronyms,הוגשה עת״מ לבית המשפט המחוזי.,1=ʔatˈam
acronyms,זה היה אירוע דו״צ לצערנו הרב.,2=dˈots
acronyms,הקמב״ץ חילק לנו משימות ללילה.,0=hakambˈats
acronyms,הרמ״ח אישר את תקציב המחלקה.,0=haʁamˈaχ
acronyms,משרד יח״צ מנהל את הקמפיין.,1=jaχˈats
acronyms,פצ״מר נפל בשטח פתוח.,0=patsmˈaʁ
acronyms,הרופא שלח אותי לבדיקת אק״ג דחופה.,4=ʔe ke ɡˈe
acronyms,התיק עבר לחקירת מח״ש במשטרה.,3=maχˈaʃ
acronyms,צג המק״מ הראה מטרה מתקרבת.,1=hamakˈam
acronyms,הנהג החנה את הנגמ״ש בסדנה.,3=hanaɡmˈaʃ
acronyms,הוא מאושפז בבית חולים רמב״ם היום.,4=ʁambˈam
acronyms,הוא לקח הלוואה מהסדר גמ״ח קהילתי.,4=ɡmˈaχ
acronyms,הספר הזה עולה חמישים ש״ח בלבד.,4=ʃˈaχ
acronyms,ארגון דאע״ש נטל אחריות לפיגוע.,1=dˈa.eʃ
acronyms,קראנו את הפירוש של רש״י בשיעור.,4=ʁˈaʃi
acronyms,הוא הציב מקל״ע על עמדת השמירה.,2=miklˈa
,,
acronyms,המזכ״ל אישר את ההסכם החדש.,0=hamazkˈal
acronyms,למדנו היום מאמר של חז״ל בכיתה.,4=χazˈal
acronyms,העובדים מקבלים תוספת אש״ל במשכורת.,3=ʔˈeʃel
acronyms,חיל הים רכש סטי״ל חדש.,3=satˈil
acronyms,הוא התגייס להיות חפ״ש בגדוד רגיל.,3=χapˈaʃ
acronyms,הסמג״ד העביר תדריך לכל החיילים.,0=hasmaɡˈad
acronyms,הוא קיבל ציון דפ״ר ממש גבוה.,3=dapˈaʁ
acronyms,הצבא תגבר כוחות באזור איו״ש הלילה.,4=ʔijˈoʃ
acronyms,יצאתי לחמשו״ש אחרי שבועיים בבסיס.,1=laχamʃˈuʃ
,,
penultimate stress,אתה מגיע עם האופנוע?,3=haofnˈoa
penultimate stress,יש לך אופניים?,2=ʔofanˈajim
penultimate stress,היא עומדת לפטר אלפי עובדים,1=ʔomˈedet
penultimate stress,שמעת על הדיווח שהיה בחדשות?,0=ʃamˈata 2=hadivˈuaχ
penultimate stress,זה פתוח אתה יכול להיכנס,1=patˈuaχ
penultimate stress,הוא בא היום בערב,3=baˈeʁev
penultimate stress,ירושלים היא עיר הבירה,0=jeʁuʃalˈajim
penultimate stress,השגנו השגים עצומים,0=hisˈaɡnu
penultimate stress,פוליטיקה זו לא מילה גסה,0=polˈitika
penultimate stress,הוא לומד באקדמיה,2=baakadˈemja
penultimate stress,אכלתי אבוקדו,1=ʔavokˈado
penultimate stress,היא ניצחה באולימפיאדה,2=baʔolimpiˈjada
penultimate stress,הוא הגיע עם אמבולנס,3=ʔambulˈans
penultimate stress,איזה פנטזיה זה,1=fantˈazja
penultimate stress,היום יש שיעור כימיה,3=χˈimja
penultimate stress,זו הייתה אימפריה גדולה,2=ʔimpˈeʁja
penultimate stress,זה אלגוריתם ממש חכם,1=ʔalɡoʁˈitem
penultimate stress,הוא למד אסטרונומיה וחלל,2=ʔastʁonˈomja
penultimate stress,זו אלטרנטיבה ממש טובה,1=ʔalteʁnatˈiva
penultimate stress,זה מצב אופטימלי,2=ʔoptimˈali
penultimate stress,זה היה אינטנסיבי,2=ʔintensˈivi
penultimate stress,האקוסטיקה ממש טובה,0=haakˈustika
penultimate stress,מתמטיקה זה תחום רחב,0=matemˈatika
penultimate stress,זה מרכז טכנולוגי,2=teχnolˈoɡi
penultimate stress,אינטרקציה ממש טובה,0=ʔinteʁˈaktsja
penultimate stress,השמש זורחת בבוקר,0=haʃˈemeʃ
penultimate stress,איזה ילד חכם,1=jˈeled
penultimate stress,יש לי כלב קטן,2=kˈelev
penultimate stress,בוקר טוב לכולם,0=bˈokeʁ
penultimate stress,זה חופש ארוך,1=χˈofeʃ
penultimate stress,שקט כאן מאוד,0=ʃˈeket
penultimate stress,קניתי לחם טרי,1=lˈeχem
penultimate stress,אני שותה מים קרים,2=mˈajim
penultimate stress,השמיים כחולים היום,0=haʃamˈajim
penultimate stress,יש לה עיניים יפות,2=ʔeinˈajim
penultimate stress,הוא מרכיב משקפיים חדשים,2=miʃkafˈajim
penultimate stress,יש לו אוזניים גדולות,2=ʔoznˈajim
penultimate stress,תשטוף ידיים לפני האוכל,1=jadˈajim
penultimate stress,כואבות לי הרגליים מאוד,2=haʁaɡlˈajim
penultimate stress,קניתי נעליים חדשות,1=naalˈajim
penultimate stress,אכלתי תפוח אדום,1=tapˈuaχ
penultimate stress,יש רוח חזקה בחוץ,1=ʁˈuaχ
penultimate stress,אין לי כוח לזה,2=kˈoaχ
penultimate stress,המורה כותב על הלוח,3=halˈuaχ
penultimate stress,הוא בחור מאוד שמח,3=samˈeaχ
penultimate stress,אני לא יודע את התשובה,2=jodˈea
penultimate stress,אתה שומע את הרעש?,1=ʃomˈea
penultimate stress,הוא נוסע לתל אביב,1=nosˈea
penultimate stress,זה פוגע בי מאוד,1=poɡˈea
penultimate stress,אני שומע מוסיקה קלאסית,2=mˈuzika
penultimate stress,הוא לומד פיזיקה באוניברסיטה,2=fˈizika
penultimate stress,אנחנו רואים טלוויזיה עכשיו,2=televˈizja
penultimate stress,שמעתי את זה ברדיו,3=baʁˈadjo
penultimate stress,פספסתי את האוטובוס האחרון,2=haʔˈotobus
penultimate stress,הטלפון שלי מצלצל,0=hatˈelefon
penultimate stress,החקלאי נוהג בטרקטור,2=batʁˈaktoʁ
penultimate stress,זה עשוי מפלסטיק קשיח,2=miplˈastik
penultimate stress,קראתי ספר היסטוריה מרתק,2=histˈoʁja
penultimate stress,היא לומדת באוניברסיטה פתוחה,2=baʔunivˈeʁsita
penultimate stress,המבחן בגיאוגרפיה היה קשה,1=beɡeoɡʁˈafja
penultimate stress,ביולוגיה זה מקצוע מעניין,0=bjolˈoɡja
penultimate stress,הוא קורא פילוסופיה עתיקה,2=filosˈofja
penultimate stress,היא תלמד פסיכולוגיה בשנה הבאה,2=psiχolˈoɡja
penultimate stress,היא הולכת לבית הספר,1=holˈeχet
penultimate stress,אני חושבת שזה נכון,1=χoʃˈevet
penultimate stress,היא כותבת מכתב לחברה,1=kotˈevet
penultimate stress,היא אוהבת לאכול שוקולד,1=ʔohˈevet
penultimate stress,היא יושבת על הכיסא,1=joʃˈevet
penultimate stress,היא מנגנת בפסנתר עכשיו,1=menaɡˈenet
penultimate stress,הלכתי לסרט אתמול בערב,0=halˈaχti
penultimate stress,אמרנו לו לבוא מוקדם,0=ʔamˈaʁnu
penultimate stress,אתה ישבת במקום שלי,1=jaʃˈavta
penultimate stress,חשבתי עלייך כל היום,0=χaʃˈavti
penultimate stress,אתה ידעת את האמת,1=jadˈata
penultimate stress,הבנת מה הוא אמר?,0=hevˈanta
penultimate stress,קבענו להיפגש מחר בבוקר,0=kavˈanu
penultimate stress,מצאתי את המפתחות האבודים,0=matsˈati
penultimate stress,אמא שלי מבשלת טעים,0=ʔˈima
penultimate stress,אבא חזר מהעבודה עכשיו,0=ʔˈaba
penultimate stress,למה אתה כועס עלי?,0=lˈama
penultimate stress,כי ככה אני החלטתי,1=kˈaχa
penultimate stress,הנה הרכבת מגיעה לתחנה,0=hˈine
penultimate stress,איפה שמת את הטלפון?,0=ʔˈeifo
penultimate stress,בואו ניכנס פנימה עכשיו,2=pnˈima
penultimate stress,נלך לשם כולנו יחד,3=jˈaχad
penultimate stress,בעצם אני לא רוצה,0=beʔˈetsem
penultimate stress,תכלס זה ממש שווה,0=tˈaχles
penultimate stress,זה היה אחלה סרט,2=ʔˈaχla
penultimate stress,הכל סבבה אל תדאג,1=sabˈaba
penultimate stress,אין לי פוקוס היום,2=fˈokus
penultimate stress,אני אאחר מקסימום עשר דקות,2=mˈaksimum
penultimate stress,זה עולה מינימום מאה שקלים,2=mˈinimum
penultimate stress,אני אופטימי לגבי העתיד,1=ʔoptˈimi
penultimate stress,אל תהיה כל כך פסימי,4=pesˈimi
penultimate stress,זה לא מצב נורמלי,3=noʁmˈali
penultimate stress,תהיה ריאלי לשם שינוי,1=ʁeˈali
penultimate stress,העיצוב הזה מאוד מודרני,3=modˈeʁni
penultimate stress,זה מראה קלאסי ויפה,2=klˈasi
penultimate stress,הסיפור שלו ממש טראגי,3=tʁˈaɡi
penultimate stress,הוא תמיד מאוד דרמטי,3=dʁamˈati
penultimate stress,זה היה ערב רומנטי,3=ʁomˈanti
penultimate stress,זה רעיון פנטסטי לדעתי,2=fantˈasti
penultimate stress,הנושא הזה תמיד אקטואלי,3=ʔaktuˈali
penultimate stress,ההתחממות היא משבר גלובלי,3=ɡlobˈali
penultimate stress,זה עניין לוקאלי בלבד,2=lokˈali
penultimate stress,יש לנו סיור וירטואלי,3=viʁtuˈali
penultimate stress,האפקט הויזואלי ממש מרשים,1=havizuˈali
penultimate stress,אני מחפש דגם ספציפי,3=spetsˈifi
penultimate stress,הפתרון הזה פשוט אידיאלי,3=ʔidiˈali
penultimate stress,המידע הזה לא רלוונטי,3=ʁelevˈanti
penultimate stress,הוא לבוש באופן אלגנטי,3=ʔeleɡˈanti
penultimate stress,אל תהיה אגרסיבי כלפיו,2=ʔaɡʁesˈivi
penultimate stress,הוא עישן עישון פסיבי,3=pasˈivi
penultimate stress,הוא אקטיבי בתנועה שלנו,1=ʔaktˈivi
penultimate stress,הכיוון שלו מאוד פוזיטיבי,3=pozitˈivi
penultimate stress,הוא תמיד חושב נגטיבי,3=neɡatˈivi
penultimate stress,הוא תורם אנונימי לקהילה,2=ʔanonˈimi
penultimate stress,זה אירוע אינטימי וקטן,2=ʔintˈimi
penultimate stress,השלב הזה ממש קריטי,3=kʁˈiti
penultimate stress,זה פשוט מצב אבסורדי,3=ʔabsˈuʁdi
penultimate stress,הסרט הזה די בנאלי,3=banˈali
penultimate stress,הוא מופיע בהרכב ווקאלי,3=vokˈali
penultimate stress,ההרס שם היה טוטאלי,3=totˈali
penultimate stress,אנחנו דורשים מאמץ מקסימלי,3=maksimˈali
penultimate stress,הנזק שנגרם הוא מינימלי,3=minimˈali
penultimate stress,הציור הזה לחלוטין סימטרי,3=simˈetʁi
penultimate stress,המבנה הזה קצת אסימטרי,3=ʔasimˈetʁi
penultimate stress,יש לזה קסם מיסטי,3=mˈisti
penultimate stress,הוא עבר ניתוח פלסטי,3=plˈasti
penultimate stress,יש לו מטען גנטי,3=ɡenˈeti
penultimate stress,העולם היום הוא דיגיטלי,3=diɡitˈali
penultimate stress,הסרטון הזה הפך ויראלי,3=viʁˈali
penultimate stress,חסרה לי קצת אינפורמציה,3=ʔinfoʁmˈatsja
penultimate stress,יש לו המון מוטיבציה,3=motivˈatsja
penultimate stress,זאת סתם הייתה פרובוקציה,3=pʁovokˈatsja
penultimate stress,זאת רק ספקולציה בינתיים,2=spekulˈatsja
penultimate stress,זאת קומבינציה מאוד מוצלחת,1=kombinˈatsja
penultimate stress,נקלענו אל סיטואציה בעייתית,2=situˈatsja
penultimate stress,הממשלה הקימה קואליציה רחבה,2=koalˈitsja
penultimate stress,הם חברים במפלגת אופוזיציה,3=ʔopozˈitsja
penultimate stress,יש אינפלציה גבוהה במשק,1=ʔinflˈatsja
penultimate stress,מצאנו קורלציה בין הנתונים,1=koʁelˈatsja
penultimate stress,הוטלה עליו סנקציה חמורה,2=sˈanktsja
penultimate stress,הגרף מתאר פונקציה מורכבת,2=fˈunktsja
penultimate stress,זו אטרקציה תיירותית מדהימה,1=ʔatʁˈaktsja
penultimate stress,למדנו על תורת האבולוציה,3=haʔevolˈutsja
penultimate stress,התמונה ברזולוציה ממש גבוהה,1=beʁezolˈutsja
penultimate stress,התגלית הזאת עוררה סנסציה,3=sensˈatsja
penultimate stress,אני מרגיש ויברציה בטלפון,2=vibʁˈatsja
penultimate stress,היא עושה מדיטציה בבוקר,2=meditˈatsja
rare phonemes,איפה הג'ינס שלך?,1=hadʒˈins
rare phonemes,"הג'וב הזה תפור עליך, אתה תותח.",0=hadʒˈob
rare phonemes,"הג'יפ הזה מחכה לך, סע בזהירות.",0=hadʒˈip
rare phonemes,"הז'קט הזה קטן עליך, תמדוד אחר.",0=haʒakˈet
rare phonemes,"הצבע בז' ממש מתאים לך, אתה נראה טוב.",1=beʒ
rare phonemes,"זה לא הז'אנר שלך, אתה לא תאהב.",2=haʒˈaneʁ
rare phonemes,"הבאתי צ'יפס בשבילך, תאכל מהר.",1=tʃips
rare phonemes,"הצ'ק הזה שלך, קח אותו.",0=hatʃˈek
rare phonemes,"אני אכתוב לך בצ'אט, חכי לי.",3=batʃˈat
rare phonemes,"יש לך ג'ל על החולצה, תנקה את זה.",2=dʒel
rare phonemes,"הפיג'מה הזאת בול עליך, אתה נראה מצחיק.",0=hapidʒˈama
rare phonemes,"שלחתי אליך וואטסאפ, תענה לי כבר.",2=vˈatsap
rare phonemes,"תמיד ידעתי שאתה ווינר, הכל קטן עליך.",3=vˈineʁ
rare phonemes,"סידרתי צ'ופר בשבילך, תבדוק במייל.",1=tʃupˈaʁ
rare phonemes,"האוטו שלך מחכה בגאראז', תניע אותו.",3=baɡaʁˈaʒ
rare phonemes,"מזגתי וויסקי בשבילך, תשתה לאט.",1=vˈiski
rare phonemes,"תעשה את זה צ'יק צ'אק, אני סומך עליך.",3=tʃˈik 4=tʃˈak
rare phonemes,"אני נותן לך צ'אנס אחרון, אל תאכזבי.",3=tʃans
rare phonemes,"וואו, הבית שלך מדהים, אתה עיצבת אותו?",0=vˈau
rare phonemes,"וואי יצאת ג'ינג'י, הכל נשאר אצלך.",2=dʒˈindʒi
rare phonemes,"יש לך ג'יפה על הנעל, תשטוף אותה.",2=dʒˈifa
rare phonemes,"סיפרתי צ'יזבט בשבילך, אתה פוחד?",1=tʃizbˈat
rare phonemes,"יש לך ג'וק על הגב, אל תזוז!",2=dʒuk
rare phonemes,זה ציור של ג'ירפה.,3=dʒiʁˈafa
rare phonemes,קניתי וואפל בלגי בקניון.,1=vˈafel
rare phonemes,אני אוכל שווארמה לארוחת צהריים.,2=ʃawˈaʁma
rare phonemes,טסתי לבקר באזור וושינגטון הבירה.,3=vˈoʃinɡton
rare phonemes,אני מאוד אוהב לשמוע ג'אז בערב.,4=dʒaz
rare phonemes,העיר הזאת היא פשוט ג'ונגל אחד גדול.,4=dʒˈunɡel
rare phonemes,הוא התחיל ללמוד ג'ודו לפני שנתיים.,3=dʒˈudo
rare phonemes,תביא לי את הג'קט מהבגאז'.,3=hadʒakˈet
rare phonemes,אכלנו ג'חנון טעים בשבת בבוקר.,1=dʒˈaχnun
rare phonemes,יש לו קלף ג'וקר בשרוול.,3=dʒˈokeʁ
rare phonemes,הוא שבר את הג'ויסטיק מרוב עצבים.,3=hadʒˈojstik
rare phonemes,אל תאכל כל כך הרבה ג'אנק פוד.,5=dʒank
rare phonemes,הם כתבו ג'ינגל קליט לקמפיין החדש.,2=dʒˈinɡel
rare phonemes,הזמנו חדר עם ג'קוזי במלון.,3=dʒakˈuzi
rare phonemes,"הוא מדבר ג'יבריש, אני לא מבין כלום.",2=dʒˈibʁiʃ
rare phonemes,בעלי הוא ממש ג'נטלמן אמיתי.,3=dʒˈentelmen
rare phonemes,ראיתי מישהו עושה ג'אגלינג ברחוב.,3=dʒˈaɡlinɡ
rare phonemes,הזמנתי עוגת פאדג' שוקולד לקינוח.,2=fadʒ
rare phonemes,הלהקה הזאת מנגנת מוזיקת גראנג' מעולה.,4=ɡʁandʒ
rare phonemes,קפצתי באנג'י כשהייתי בטיול בדרום אמריקה.,1=bandʒˈi
rare phonemes,שלחתי לך את המסמך דרך ג'ימייל היום.,5=dʒˈimeil
rare phonemes,"מישהו פה הדליק ג'וינט, יש ריח.",3=dʒojnt
rare phonemes,יש לי אופני ג'ירו חדשים לגמרי.,3=dʒˈiʁo
rare phonemes,הבת שלי לומדת עכשיו באיזה קולג' באמריקה.,5=kˈoledʒ
rare phonemes,קניתי חולצת וינטג' יפה בשוק הפשפשים.,2=vˈintedʒ
rare phonemes,הוא שירת בתור ג'ובניק בקריה שלוש שנים.,3=dʒˈobnik
rare phonemes,חזרתי אתמול ויש לי עדיין ג'טלאג רציני.,5=dʒˈetlaɡ
rare phonemes,"עשיתי ספונג'ה כל הבוקר, הבית מבריק.",1=spˈondʒa
rare phonemes,"אני הולך, אז צ'או לכולם.",3=tʃau
rare phonemes,"תרגע אחי, הכל צ'יל עכשיו.",3=tʃil
rare phonemes,טסנו בטיסת צ'ארטר זולה ליוון.,2=tʃˈaʁteʁ
rare phonemes,היה חסר לי איזה פאנצ' בבדיחה הזאת.,4=pantʃ
rare phonemes,אתה רוצה קצת קטשופ על ההמבורגר?,3=kˈetʃop
rare phonemes,החיה הכי מהירה היא צ'יטה אפריקאית.,4=tʃˈita
rare phonemes,הרוטב צ'ילי הזה ממש חריף לי.,1=tʃˈili
rare phonemes,הכנתי לך סנדוויץ' עם גבינה ועגבניה.,2=sˈendvitʃ
rare phonemes,הוא מרגיש כמו איזה צ'מפיון אחרי הניצחון.,4=tʃˈempjon
rare phonemes,הוא משחק אותה מאצ'ו אבל הוא רגיש.,3=mˈatʃo
rare phonemes,היא מנגנת על צ'לו בתזמורת הפילהרמונית.,3=tʃˈelo
rare phonemes,הוא פשוט פוצ' שחצן ומעצבן.,2=putʃ
rare phonemes,נקרע לי כבל קלאצ' באמצע הכביש.,3=klatʃ
rare phonemes,הוא שכר קואוצ'ר שיעזור לו בעסק.,2=kˈoutʃeʁ
rare phonemes,בואו נשתה צ'ייסר אחד לכבוד יום ההולדת.,2=tʃˈejseʁ
rare phonemes,צריך לתקן את הצ'ילר של המזגן.,3=hatʃˈileʁ
rare phonemes,היא עונדת שרשרת צ'וקר שחורה על הצוואר.,3=tʃˈokeʁ
rare phonemes,קיבלתי פתאום מאנצ'יס למשהו מתוק בלילה.,2=mˈantʃis
rare phonemes,תזיז את הצ'ופצ'יק הזה קצת ימינה.,2=hatʃuptʃˈik
rare phonemes,הם הוסיפו פיצ'ר חדש לאפליקציה שלנו.,2=fˈitʃeʁ
rare phonemes,הוא חייב לעשות סוויץ' בראש ולהתקדם.,3=svitʃ
rare phonemes,כלב בשם צ'ארלי רץ אליי בפארק.,2=tʃˈaʁli
rare phonemes,הזמנו קערת נאצ'וס עם גבינה מותכת מעל.,2=nˈatʃos
rare phonemes,"קר לי, תביא לי את הפונצ'ו שלי.",5=hapˈontʃo
rare phonemes,אכלנו צ'ורוס חם עם שוקולד במדריד.,1=tʃˈuʁos
rare phonemes,היה איזה גליץ' במערכת והכל נתקע.,2=ɡlitʃ
rare phonemes,אני חייב מסאז' טוב כדי לשחרר את הגב.,2=masˈaʒ
rare phonemes,היא הכינה קולאז' תמונות מהטיול שלנו.,2=kolˈaʒ
rare phonemes,החנות נמצאת בתוך איזה פאסאז' ישן במרכז.,4=pasˈaʒ
rare phonemes,"זה לא אמיתי, זה רק מיראז' במדבר.",5=miʁˈaʒ
rare phonemes,הם הדליקו פרוז'קטור ענק כדי להאיר את הבמה.,2=pʁoʒˈektoʁ
rare phonemes,היא נראית כאילו יצאה מאיזה ז'ורנאל אופנה.,5=ʒuʁnˈal
rare phonemes,זה ז'רגון מקצועי שקשה לאנשים להבין.,1=ʒaʁɡˈon
rare phonemes,הוא חי חיים של בורז'וואי מפונק.,4=buʁʒwaˈi
rare phonemes,נשבר לי האבאז'ור של המנורה בחדר.,2=haʔabaʒˈuʁ
rare phonemes,היה לי הרגע דז'ה-וו מטורף.,3=deʒavˈu
rare phonemes,נשאר לי רק ז'יטון אחד בקזינו.,3=ʒitˈon
rare phonemes,החיילים לבשו חליפות קמופלאז' כדי להסתתר.,3=kamuflˈaʒ
rare phonemes,חסר לי גוז'ון בגלגל של האוטו.,2=ɡuʒˈon
rare phonemes,"עזוב, הכל אצלו זה סתם פוז'ה אחת גדולה.",5=pˈoʒa
rare phonemes,עשינו מונטאז' של כל הסרטונים מהחתונה.,1=montˈaʒ
rare phonemes,הוא ניסה לעשות לי שאנטאז' רגשי.,4=ʃantˈaʒ
rare phonemes,טסנו לבקר את המשפחה שלנו בוושינגטון בחג.,5=bevˈoʃinɡton
rare phonemes,המכשיר הזה יוצר במפעל בטייוואן הרחוקה.,4=betaivˈan
rare phonemes,תקנה לי בבקשה קילו קיווי מהירקן.,4=kˈivi
rare phonemes,הוא חולם להיות שחקן מפורסם בהוליווד מתישהו.,5=behˈolivud
rare phonemes,הם פיתחו מערכת מבוססת ווב למשרד.,4=veb
rare phonemes,הם קנו רכב וואן גדול לכל המשפחה.,3=van
rare phonemes,תביא לי בקבוק שוופס בטעם תפוח.,3=ʃveps
rare phonemes,קראתי את הציוץ שלו בטוויטר הבוקר.,4=batvˈiteʁ
rare phonemes,היה טוויסט בעלילה לקראת סוף הסרט.,1=tvist
rare phonemes,הילד שלי הולך לחוג טאקוונדו כל יום שלישי.,4=takvandˈo
rare phonemes,היא צבעה את החדר בצבע אקווה מרגיע.,5=ʔˈakva
rare phonemes,הכנתי מטבל גוואקמולי טעים עם נאצ'וס.,2=ɡvakamˈole
rare phonemes,יש לה כלב צ'יוואווה קטן שנובח כל הזמן.,3=tʃivˈava
rare phonemes,יש לבחור הזה הרבה סוואג טבעי.,4=svaɡ
rare phonemes,"תוסיף קצת חוואיג' למרק, זה מוסיף המון.",2=χawˈajedʒ
rare phonemes,אני מקפיץ ירקות בתוך ווק על אש גבוהה.,4=vok
rare phonemes,אכלתי וופר ענק לארוחת צהריים היום.,1=vˈupeʁ
rare phonemes,תפעיל את הווייז כדי שלא נלך לאיבוד.,2=havˈeiz
rare phonemes,"יש לי פאנצ'ר בגלגל הקדמי, איזה מעצבן.",2=pˈantʃeʁ
rare phonemes,יש למעצב הזה טאץ' מיוחד שאין לאף אחד.,3=tatʃ
rare phonemes,הוא נוהג על רכב מסוג פיג'ו כסוף.,5=peʒˈo
rare phonemes,הג'ינס הזה עשוי מבד סטרץ' מאוד נוח.,4=stʁetʃ
rare phonemes,שלחתי לה הודעה ארוכה במסנג'ר אתמול בערב.,4=bamesˈendʒeʁ
rare phonemes,הילדים אוהבים לאכול צ'יקן נאגטס.,3=tʃˈiken
rare phonemes,הם ייצרו באטש חדש של בירות מקומיות.,2=batʃ
rare phonemes,זה קינוח טווינק מתוק שמצאתי בסופר.,2=tvink
rare phonemes,הוא מסתובב עם כל האנשים מהברנז'ה התל אביבית.,5=mehabʁˈanʒa
rare phonemes,מוזיקת גראז' מזכירה לי את שנות התשעים.,1=ɡaʁˈaʒ
rare phonemes,מישהו ניסה לעשות סבוטאז' לפרויקט שלנו.,3=sabotˈaʒ
rare phonemes,קניתי גאדג'ט חדש שעוזר לחתוך ירקות בקלות.,1=ɡˈadʒet
rare phonemes,הבאנו דיג'יי מפורסם למסיבת הסיום שלנו.,1=dˈidʒei
rare phonemes,המופע שלו היה פשוט מג'יק טהור.,4=mˈedʒik
rare phonemes,הכלבה שלי היא צ'וצ'ה קטנה ומתוקה.,3=tʃˈutʃa
rare phonemes,המשטרה הדליקה צ'קלאקה ונסעה במהירות מופרזת.,2=tʃakalˈaka
rare phonemes,הוא עישן מהצ'ילום שקנה בהודו.,2=mehatʃˈilum
rare phonemes,החקלאי חתך את הענפים בעזרת מאצ'טה חדה.,5=matʃˈeta
rare phonemes,הוא עובד בתור דיסק ג'וקי במסיבות רחוב.,4=dʒˈoki
rare phonemes,הזמנתי פיצה ג'מבו ענקית לכל החברים שבאו.,2=dʒˈambo
rare phonemes,במשחק הזה אני בוחר לשחק עם לואיג'י היום.,6=luʔˈidʒi
rare phonemes,הוא זז בשקט כמו איזה נינג'ה מקצועי.,5=nˈindʒa
rare phonemes,הם יצאו לטיול שטח עם פאג'רו חדש.,5=padʒˈeʁo
rare phonemes,מצאתי מאצ' מושלם באפליקציית ההיכרויות.,1=matʃ
rare phonemes,עשיתי ריטאצ' לתמונה לפני שהעליתי אותה לאינסטגרם.,1=ʁˈitatʃ
rare phonemes,הוא נתן ספיץ' ממש מרגש בחתונה שלהם.,2=spitʃ
rare phonemes,נפגשנו לארוחת ברנצ' ביום שישי בצהריים.,2=bʁantʃ
rare phonemes,יש לה ויז'ן מאוד ברור לגבי העתיד.,2=vˈiʒen
rare phonemes,הוא עובד בתור רז'יסור בתיאטרון המקומי.,3=ʁeʒisˈoʁ
rare phonemes,הוא עבר טריאז' במיון מיד כשהגיע לבית החולים.,2=tʁijˈaʒ
rare phonemes,היא קנתה סט לינז'רי יוקרתי לכבוד יום הנישואין.,3=linʒeʁˈi
rare phonemes,פתחתי משתמש חדש באפליקציית ת'רדס הבוקר.,4=tʁeds
rare phonemes,האוזניות האלה מתחברות עם בלוטות' לטלפון.,4=blˈutus
rare phonemes,הסרט הזה הוא ת'רילר פסיכולוגי מצוין.,3=tʁˈileʁ
rare phonemes,היא אוהבת לקרוא ספרים של אגת'ה כריסטי.,5=ʔaɡˈata
rare phonemes,גיבור העל האהוב עליו הוא ת'ור.,5=toʁ
,,
rare phonemes,אני יוצא לעשות ג'וגינג בפארק כל בוקר.,3=dʒˈoɡinɡ
rare phonemes,הזמנתי קפוצ'ינו חם עם הרבה קצף.,1=kaputʃˈino
rare phonemes,"למנכל החדש יש אג'נדה שונה לגמרי מהקודם.""",4=ʔadʒˈenda
,,
fforeign,איזה וויב טוב יש פה,1=vˈaib
foreign,טלגרם זה אפליקציה ממש טובה,0=tˈeleɡʁam
foreign,יש לך גם פייסבוק?,3=fˈeisbuk
foreign,תעשה עוד סטורי באינסטגרם,2=stˈoʁi 3=baʔinstˈeɡʁam
foreign,הפרויקט שלך כבר מוכן?,0=hapʁojˈekt
foreign,תעשה ריסטארט למחשב,1=ʁˈistaʁt
foreign,גיקטיים פרסמו על גאדג'ט חדש מגניב,0=ɡˈiktaim 3=ɡˈadʒet
foreign,זו אסטרטגיה מעניינת,1=ʔastʁatˈeɡja
foreign,הסטייל שלך מזכיר לי דוגמנית,0=hastˈail
foreign,זה לא אידיאלי,2=ʔidiˈali
foreign,תדליק את הטלויזיה,2=hatelevˈizja
foreign,יש לך טלפון או שיש לך סמארטפון?,2=tˈelefon 6=smˈaʁtfon
foreign,איזה חמסין היום,1=χamsˈin
foreign,זה בורקס עם גבינה,1=buʁˈekas
foreign,שלח לי את זה במייל נדבר אחרי הדיילי,4=bamˈeil 7=hadˈeili
foreign,היום יהיה שיעור על גאוגרפיה,4=ɡeoɡʁˈafja
foreign,יש לו אינטואיציה ממש טובה,2=ʔintuˈitsja
foreign,זה מאוד אינדיבידואלי,2=ʔindividuˈali
foreign,יש פה הרבה אינפורמציה,3=ʔinfoʁmˈatsja
foreign,אל תשכח ליצור טיקט חדש בג'ירה,3=tˈiket 5=badʒˈiʁa
foreign,ת'כלס זה ממש נכון,0=tˈaχles
foreign,השבוע היינו בצימר בצפון,2=batsˈimeʁ
foreign,אל תהיה פראייר אחי,2=fʁˈajeʁ
foreign,קניתי את זה בקיוסק,3=bakjˈosk
foreign,זה עשוי מנירוסטה,2=miniʁˈosta
foreign,יש בעיה קטנה באינטרנט,3=baʔˈinteʁnet
foreign,תחפש את זה בגוגל,3=beɡˈuɡel
foreign,הורדתי אפליקציה חדשה לטלפון,1=ʔaplikˈatsja
foreign,הוא עובד בסטרטאפ מצליח,2=bestˈaʁtap
foreign,איזה האקר פרץ לאתר,1=hˈakeʁ
foreign,הוא לומד סייבר עכשיו,2=sˈaibeʁ
foreign,מה הסיסמה של הווייפיי פה,3=hawˈaifai
foreign,שלחתי לך סמס בבוקר,2=ʔesemˈes
foreign,ראיתי את הפוסט שלך,2=hapˈost
foreign,עשיתי לו לייק לתמונה,2=laik
foreign,היא כותבת בלוג על אוכל,2=bloɡ
foreign,קניתי את הבגדים אונליין,3=ʔˈonlain
foreign,המערכת כרגע אופליין לחלוטין,2=ʔˈoflain
foreign,בוא נעשה סלפי ביחד,2=sˈelfi
foreign,תוסיף אימוג'י של סמיילי,1=ʔimˈodʒi
foreign,קיבלתי מלא ספאם למייל,2=spam
foreign,הוא עובד בתור פרילנסר,3=fʁˈilanseʁ
foreign,יש לנו פגישת זום מחר,3=zum
foreign,נרשמתי לאיזה קורס ציור,2=kuʁs
foreign,שלחתי את המסמך לפרינט,3=lapʁˈint
foreign,בא לי להזמין פיצה,3=pˈitsa
foreign,אכלנו המבורגר ממש טעים,1=hˈambuʁɡeʁ
foreign,הכנתי פסטה ברוטב עגבניות,1=pˈasta
foreign,אנחנו הולכים לאכול סושי,3=sˈuʃi
foreign,קניתי חבילת שוקולד מריר,2=ʃˈokolad
foreign,קניתי קרואסון חמאה במאפייה,1=kʁoasˈon
foreign,ניפגש בערב באיזה פאב,3=pab
foreign,ישבנו על הבר שעות,2=habˈaʁ
foreign,אסור לשתות אלכוהול ולנהוג,2=ʔalkohˈol
foreign,היא הזמינה קוקטייל פירות,2=koktˈeil
foreign,אני לא אוהב מיונז,3=majonˈez
foreign,בבוקר אני אוכל טוסט,3=tost
foreign,תכין לי פנקייק עם סירופ,2=pˈankeik
foreign,בוא נשתה שייק פירות,2=ʃeik
foreign,קניתי בייגל טרי היום,1=bˈeiɡel
foreign,ניקח טקסי לשדה התעופה,1=tˈeksi
foreign,שמעתי הליקופטר עובר בשמיים,1=helikˈopteʁ
foreign,הם הפליגו על יאכטה,3=jˈaχta
foreign,יש לי פנצ'ר בגלגל,2=pˈantʃeʁ
foreign,תלחץ חזק על הברקס,3=habʁˈeks
foreign,אל תעזוב את הקלאץ',3=haklˈatʃ
foreign,צריך להחליף את הוישרים,3=havˈiʃeʁim
foreign,מישהו יכול לתת טרמפ,3=tʁemp
foreign,קניתי מכנסי ג'ינס חדשים,2=dʒins
foreign,אני אלבש רק טישרט,3=tˈiʃeʁt
foreign,קר פה תביא סוודר,3=svˈedeʁ
foreign,שכחתי את הז'קט בבית,2=haʒakˈet
foreign,אני כבר עם פיג'מה,3=pidʒˈama
foreign,אלו נעלי סניקרס ממש נוחות,2=snˈikeʁs
foreign,בקיץ אני לובש שורטס,3=ʃoʁts
foreign,זו קולקציה חדשה של המעצב,1=kolˈektsja
foreign,היא מוכרת אקססוריז בחנות שלה,2=ʔaksˈesoʁiz
foreign,התארחנו במלון בוטיק בצפון,2=butˈik
foreign,מזמן לא היינו בסינמה,3=basˈinema
foreign,בקיץ יש פסטיבל מוזיקה,2=festivˈal
foreign,יש לנו כרטיסים לאיזה קונצרט,4=kontsˈeʁt
foreign,היא שוכרת סטודיו לאמנות,2=stˈudjo
foreign,היינו בתערוכה באיזו גלריה,3=ɡalˈeʁja
foreign,הילדים נהנו מהסיור במוזיאון,3=bamuzeˈon
foreign,הערב אנחנו הולכים לתיאטרון,3=lateatʁˈon
foreign,אני מעדיף לראות סרטי אקשן,4=ʔˈekʃen
foreign,אל תעשה מזה דרמה,3=dʁˈama
foreign,צחקנו המון בסרט קומדיה,3=komˈedja
foreign,היא שומעת רק שירי פופ,4=pop
foreign,פעם אהבתי מוזיקת רוק,3=ʁok
foreign,פתאום היה לי פלאשבק,3=flˈeʃbek
foreign,תיזהר לא לעשות ספוילר,3=spˈoileʁ
foreign,שיניתי את התמונה בפרופיל,3=bapʁofˈil
foreign,אין לי אשראי של ויזה,4=vˈiza
foreign,זה פלוס גדול לעסקה,1=plus
foreign,קר בחוץ שתי מעלות מינוס,4=mˈinus
foreign,זו לא אופציה טובה כרגע,2=ʔˈoptsja
foreign,הרעיון מבוסס על קונספט שונה,3=kˈonsept
foreign,זה קריטריון חשוב בקבלה לעבודה,1=kʁiteʁjˈon
foreign,חום הוא סימפטום של המחלה,2=simptˈom
foreign,אני לא מבין שום דבר בפוליטיקה,5=bapolˈitika
foreign,חשוב לשמור על ערכי הדמוקרטיה,4=hademokʁˈatja
foreign,למדנו על זה בשיעור היסטוריה,4=histˈoʁja
foreign,המבחן מחר במתמטיקה יהיה קשה,2=bematemˈatika
foreign,זה חוק ידוע בפיזיקה,3=befˈizika
foreign,היא התחילה ללמוד באוניברסיטה,3=baʔunivˈeʁsita
foreign,הוא קיבל מלגה לאיזה קולג',4=kˈoledʒ
foreign,הרצאה של איזה פרופסור מפורסם,3=pʁofˈesoʁ
foreign,להיות סטודנט זה לא תמיד קל,1=studˈent
foreign,הוא איש חשוב בתוך האקדמיה,4=haʔakadˈemja
foreign,זה עובד לפי מודל כלכלי,3=modˈel
foreign,נקלענו לאיזו סיטואציה לא נעימה,2=situˈatsja
foreign,יש פה קונפליקט בין הצדדים,2=konflˈikt
foreign,לא צריך להכניס אגו לעניין,3=ʔˈeɡo
foreign,נשארה לו טראומה מהתאונה ההיא,2=tʁˈauma
foreign,השיר הזה תמיד עושה לי נוסטלגיה,5=nostˈalɡja
foreign,זה רק עולם וירטואלי בסוף,3=viʁtuˈali
foreign,קשה להיות אובייקטיבי במקרה כזה,2=ʔobjektˈivi
foreign,הנושא הזה כבר לא רלוונטי,4=ʁelevˈanti
foreign,הטיול הזה היה ממש ספונטני,4=spontˈani
foreign,מה סטטוס הפרויקט נכון לעכשיו,1=stˈatus
foreign,צילמתי סרטון וידאו של ההופעה,2=vˈidjo
foreign,תעביר את זה עם מרקר צהוב,4=mˈaʁkeʁ
,,
foreign,קנינו שזלונג נוח מאוד לסלון החדש.,1=ʃezlˈonɡ
foreign,מישהו יכול להביא לי מיקרופון,4=mikʁofˈon
foreign,הילד נוסע על קורקינט חשמלי,3=koʁkinˈet
foreign,אני מקשיב לאיזה פודקאסט מעניין,3=pˈodkast
foreign,צריך לקפוץ אל הסופרמרקט לקנות חלב,3=hasupˈeʁmaʁket
foreign,תכניס את כל הפירות לתוך הבלנדר,5=hablˈendeʁ
foreign,נגמרה לי הבטריה בשעון,2=habataʁˈija
foreign,אני צריך ללכת אל הבנק היום,4=habˈank
foreign,הוא מתנהג בצורה ממש אגרסיבית,4=ʔaɡʁesˈivit
foreign,כולם נכנסו לאיזו פאניקה מוגזמת,3=pˈanika
foreign,העוגה הזאת מלאה בכל מיני קלוריות,5=kalˈoʁjot
foreign,הרופא אמר לי לקחת ויטמינים,4=vitamˈinim
foreign,ממחר אני מתחיל דיאטה חדשה,3=diˈeta
foreign,קניתי צלחות יפות מקרמיקה,3=mikeʁˈamika
foreign,המחיר של זה הוא מאה דולר,5=dˈolaʁ
foreign,לקחתי את הכלב אל הוטרינר,4=haveteʁinˈaʁ
foreign,אנחנו מחכים לך עכשיו בתוך הטרמינל,5=hateʁminˈal
foreign,תחמם את האוכל בתוך המיקרוגל,4=hamˈikʁoɡal
foreign,קניתי קונסולה חדשה של משחקים,1=kˈonsola
foreign,הבאתי טרמוס עם תה חם,1=tˈeʁmos
foreign,צריך להחליף פילטר במזגן הזה,2=fˈilteʁ
foreign,זה קמפיין פרסום ממש מוצלח,1=kampˈejn
foreign,היא שמה מייקאפ לפני המסיבה,2=mˈeikap
foreign,נגמר לי השמפו במקלחת היום,2=haʃampˈo
foreign,יש לו רכב אוטומטי חדש,3=ʔotomˈati
foreign,החנתי את הרכב בתוך הגראז',4=haɡaʁˈaʒ
foreign,הרכבנו ביחד פאזל של אלף חלקים,2=pˈazel
,,
names,איזה סבטוחה עשית פה,1=savtˈoχa
names,"דני, איפה התיק שלך?",0=dˈani
names,"נועה, איפה התיק שלך?",0=nˈoa
names,"הכנתי מקום ישיבה בשבילך, איילה.",4=ʔajalˈa
names,"לא ציפיתי להתנהגות כזו ממך, דנה.",5=dˈana
names,איתי אמרתי לך שתבוא מוקדם.,0=ʔitˈai
names,יוסי איפה התיק שלך?,0=jˈosi
names,טלי האוטו שלך חונה בחוץ.,0=tˈali
names,מאיה הכל בסדר איתך?,0=mˈaja
names,רוני אני זורמת איתך לכל מקום.,0=ʁˈoni
names,אבי ראיתי אותך אתמול בעיר.,0=ʔˈavi
names,גיא מה קורה אצלך בעבודה?,0=ɡai
names,רועי המטען נשאר אצלך בבית.,0=ʁoˈi
names,תמר המטען נשאר אצלך בבית.,0=tamˈaʁ
names,נהוראי הטלפון שלך מצלצל כבר שעה.,0=nehoʁˈai
names,הודיה הטלפון שלך מצלצל כבר שעה.,0=hodaja
names,איתמר איפה האופנוע שלך חונה?,0=ʔitamˈaʁ
names,אביגיל הכל זורם איתך?,0=ʔaviɡˈajil
names,נויה יש לך אולי מטען בשבילי?,0=nˈoja
names,הלל מגיע לך ליהנות קצת.,0=hilˈel
names,אבישג אני אראה אותך מחר?,0=ʔaviʃˈaɡ
names,ליאל לא שמעתי ממך מילה כל היום.,0=liˈel
names,תהילה הכל בסדר אצלך?,0=tehilˈa
names,נופר המעיל שלך נשאר אצלי באוטו.,0=nofˈaʁ
names,ליאן אני אדבר איתך כבר מחר בבוקר.,0=liˈan
names,עידו מתי אתה מגיע לפה?,0=ʔidˈo
names,ירון ראיתי אתמול את אחיך.,0=jaʁˈon
names,יניב מה קורה עם המבחן?,0=janˈiv
names,אורן התיק שלך במשרד.,0=ʔˈoʁen
names,אלי אתה בא למשחק היום?,0=ʔˈeli
names,אלעד תביא איתך מים.,0=ʔelˈad
names,יואב שכחת את המפתחות שוב.,0=joˈav
names,עידן כמה זמן ייקח לך להגיע?,0=ʔidˈan
names,שרון איפה שמת את המחשב?,0=ʃaʁˈon
names,ליאור תקנה לחם בדרך חזרה.,0=liˈoʁ
names,עדי מתי אנחנו נפגשות?,0=ʔadˈi
names,מיכל תודה על העזרה אתמול.,0=miχˈal
names,מורן התקשרתי אלייך בבוקר.,0=moʁˈan
names,קרן המצגת שלך הייתה מצוינת.,0=kˈeʁen
names,דפנה תשמרי לי מקום.,0=dafnˈa
names,שירלי איזה יום בשבוע נוח לך?,0=ʃˈiʁli
names,ענת סיימת את העבודה שלך?,0=ʔanˈat
names,יעל הכל נשאר אותו דבר.,0=jaˈel
names,מירי ראית מה קרה אתמול?,0=mˈiʁi
names,רותם תגיד לי אם אתה בא.,0=ʁˈotem
names,מתן רציתי לשאול אותך שאלה.,0=matˈan
names,שי איך הייתה החופשה שלך?,0=ʃai
names,ניר אל תשכח להתקשר לרופא.,0=niʁ
names,גלעד תביא לי את הספר ההוא.,0=ɡilˈad
names,ארז המכונית צריכה טיפול.,0=ʔˈeʁez
names,עומר מה התוכניות שלך למחר?,0=ʔˈomeʁ
names,אסף תשמור על אחותך הקטנה.,0=ʔasˈaf
names,חן אני ממש עייפה היום.,0=χen
names,אלון כמה עולה הכרטיס הזה?,0=ʔalˈon
names,שחר תיקח את הכלב לטיול.,0=ʃˈaχaʁ
names,יובל תנעל את הדלת בבקשה.,0=juvˈal
names,זיו הבנתי שאתה עובר דירה.,0=ziv
names,נעם מה אתה רוצה לאכול הערב?,0=nˈoam
names,הילה המבחן עבר בהצלחה.,0=hilˈa
names,אורית מתי מתחיל הסרט?,0=ʔoʁˈit
names,דורון תדליק את המזגן בסלון.,0=doʁˈon
names,ברק מישהו חיפש אותך בטלפון.,0=baʁˈak
names,ליהי איפה החולצה הכחולה שלי?,0=lˈihi
names,צחי שלחתי לך מייל חשוב.,0=tsˈaχi
names,קובי תבדוק אם נשאר חלב.,0=kˈobi
names,שלומי מתי אתה יוצא מהעבודה?,0=ʃlˈomi
names,מאור אל תאחר לפגישה מחר.,0=maˈoʁ
names,אליאב סגרת את החלון בחדר?,0=ʔeliˈav
names,נעמה איזה יופי לראות אותך.,0=naamˈa
names,גלית קניתי לך מתנה קטנה.,0=ɡalˈit
names,אורלי תזכירי לי להתקשר אליו.,0=ʔˈoʁli
names,משה אתה צריך עזרה עם זה?,0=moʃˈe
names,דוד אני כבר מחכה לך בחוץ.,0=davˈid
names,יצחק תכבה את האור כשאתה יוצא.,0=ʔitsχˈak
names,אהרון תשאל את המורה על התרגיל.,0=ʔahaʁˈon
names,שרה הכנתי עוגה טעימה לשבת.,0=saʁˈa
names,רבקה המרק חם מאוד עכשיו.,0=ʁivkˈa
names,רחל אני אלך לישון מוקדם היום.,0=ʁaχˈel
names,לאה השארתי את הכסף על השולחן.,0=leˈa
names,פנינה מתי אפשר לבוא לבקר?,0=pninˈa
names,שושנה תשלחי לי הודעה כשתגיעי.,0=ʃoʃanˈa
names,יפה החבילה שלך הגיעה לדואר.,0=jafˈa
names,מרים איפה אפשר למצוא את זה?,0=miʁjˈam
names,אסתר את יודעת מה השעה?,0=ʔestˈeʁ
names,יהודה הכלב לא מפסיק לנבוח.,0=jehudˈa
names,בנימין הבגדים עדיין רטובים.,0=binjamˈin
names,שמעון אני לא מסכים איתך בכלל.,0=ʃimˈon
names,ראובן בוא נלך לאכול איפשהו.,0=ʁeuvˈen
names,אורי הילד שלך בוכה בחוץ.,0=ʔuʁˈi
names,אמיר קנית כרטיסים למשחק הערב?,0=ʔamˈiʁ
names,אופיר הכל בסדר בעבודה החדשה?,0=ʔofˈiʁ
names,אוהד תעזור לי להרים את הארגז.,0=ʔohˈad
names,הדר מתי יש לך יום הולדת?,0=hadˈaʁ
names,רעות תביאי שמיכה כי קר פה.,0=ʁeˈut
names,דקלה תשמעי את השיר החדש הזה.,0=diklˈa
names,ענבל התור שלך לרופא בוטל.,0=ʔinbˈal
names,יפעת המסעדה פתוחה היום בערב?,0=jifˈat
names,לירון מה עשית בסוף השבוע?,0=liʁˈon
names,אילן אני מחפש את הטלפון שלי.,0=ʔilˈan
names,נדב תחזור הביתה לפני החושך.,0=nadˈav
names,אליהו הרכב לא מניע לי הבוקר.,0=ʔelijˈahu
names,יונתן הבאתי לך את הספר שביקשת.,0=jonatˈan
names,אריאל מצאתי את המפתחות שאיבדת.,0=ʔaʁiˈel
names,בר אני אדבר איתך מאוחר יותר.,0=baʁ
names,שיר יש לך רעיון מה לעשות?,0=ʃiʁ
names,מור קראתי את הכתבה שלך אתמול.,0=moʁ
names,רז תגיד לי אם אתה צריך משהו.,0=ʁaz
names,דור איך עבר המבחן בפיזיקה?,0=doʁ
names,דין איפה שמים את הפח הזה?,0=din
names,בן המחשב שלי הפסיק לעבוד שוב.,0=ben
names,רון איזה מזג אוויר יפה היום.,0=ʁon
names,זאב תקרא את המכתב שקיבלת מהבנק.,0=zeˈev
names,צבי איפה אתה קונה את הירקות שלך?,0=tsvi
names,דוב העוגיות האלה ממש טעימות.,0=dov
names,אריה תשב פה רגע לידי.,0=ʔaʁjˈe
names,נתן ראיתי את זה כבר בטלוויזיה.,0=natˈan
names,פלג מה רצית לומר לי בבוקר?,0=pˈeleɡ
names,אפיק המגבות בארון למעלה.,0=ʔafˈik
names,ירדן אל תשכחי לנעול את הרכב.,0=jaʁdˈen
names,כנרת איפה את חושבת שתהיי מחר?,0=kinˈeʁet
names,גולן נראה לי שירד גשם הערב.,0=ɡolˈan
names,אלמוג שמעת על מה שקרה בחדשות?,0=ʔalmˈoɡ
names,ענבר המנהל רוצה לדבר איתך דחוף.,0=ʔinbˈaʁ
names,ספיר התכשיט הזה מאוד יפה עליך.,0=sapˈiʁ
names,יהלום תזהרי לא ליפול שם במדרגות.,0=jahalˈom
names,טופז באיזו שעה יוצאת הרכבת מפה?,0=topˈaz
names,ברקת קניתי שמלה חדשה למסיבה הערב.,0=baʁˈeket
names,פז אני מקווה שיהיה בסדר מחר.,0=paz
names,כספי למה אתה לא עונה לטלפונים?,0=kˈaspi
names,גפן תשתי קצת מים אחרי האימון.,0=ɡˈefen
names,תומר איך מגיעים לתחנה המרכזית עכשיו?,0=tˈomeʁ
names,אלכס המרק מוכן וצריך לאכול מהר.,0=ʔˈaleks
names,סתיו העלים כבר התחילו ליפול בחוץ.,0=stav
names,אביב המזגן שוב לא עובד כמו שצריך.,0=ʔavˈiv
names,עופר יש עומס תנועה בדרך אליך.,0=ʔˈofeʁ
names,ליבנת התשובה שנתת הייתה מאוד נכונה.,0=livnˈat
names,קורל בואי נשב לשתות קפה איפשהו.,0=koʁˈal
names,יהב האוטובוס עבר פה לפני דקה.,0=jahˈav
names,עילאי אל תדאג הכל יהיה בסדר.,0=ʔilˈai
names,אגם המים בים היום נעימים לשחייה.,0=ʔaɡˈam
names,מעיין תביאי את המחברת שלך לשיעור.,0=majaˈjan
names,רינת שמעתי שאת טסה לחוץ לארץ.,0=ʁinˈat
names,רונית הצלחת לסיים את הפרויקט בזמן?,0=ʁonˈit
names,אלונה מצאתי סוף סוף את המשקפיים שלי.,0=ʔalonˈa
names,מאירה מישהו דופק בדלת כבר חמש דקות.,0=meiʁˈa
names,ינון איך עברה הפגישה שלך בצהריים?,0=jinˈon
names,שילה אנחנו צריכים לצאת מיד למסיבה.,0=ʃilˈa
names,מלאכי העץ בחצר שלנו נפל בסערה.,0=malaχˈi
names,אליסף התנור כבר חם ואפשר להכניס.,0=ʔeljasˈaf
names,עמיחי הילדים מחכים לך מחוץ לבית הספר.,0=ʔamiχˈai
minimal stress pairs,הוא קיבל מכה כואבת בתוך ברך ימין,5=bˈeʁeχ
minimal stress pairs,הרב ברך את כל הקהל בברכת שלום,1=beʁˈeχ
minimal stress pairs,הם ישבו בפאב ושתו בירה קרה,5=bˈiʁa
minimal stress pairs,ירושלים היא עיר הבירה של ישראל,3=habˈiʁa
minimal stress pairs,אני אוהב להתעורר מוקדם בבוקר,4=babˈokeʁ
minimal stress pairs,הבוקר רכב על הסוס בשדות הפתוחים,0=habokˈeʁ
minimal stress pairs,הגובה של המגדל הזה מרשים מאוד,1=haɡˈova
minimal stress pairs,הגובה הגיע כדי לאסוף את החוב,0=haɡovˈe
minimal stress pairs,החוטפים דרשו כופר גבוה תמורת השחרור,3=kˈofeʁ
minimal stress pairs,הוא כופר בקיומו של כוח עליון,1=kofˈeʁ
minimal stress pairs,הוא איבד נעל אחת בדרך לבית,2=nˈaal
minimal stress pairs,הוא נעל את הדלת לפני שיצא,1=naˈal
minimal stress pairs,היה לו נחת רוח מההישגים של ילדיו,2=nˈaχat
minimal stress pairs,המטוס נחת בשלום על המסלול,1=naχˈat
minimal stress pairs,אנחנו אוכלים אורז לבן עם ירקות,2=ʔˈoʁez
minimal stress pairs,הוא אורז את המזוודה לקראת הטיסה,1=ʔoʁˈez
minimal stress pairs,הוא מכין אוכל טעים לכל המשפחה,2=ʔˈoχel
minimal stress pairs,הילד אוכל תפוח אדום בגינה,1=ʔoχˈel
minimal stress pairs,הוא הגיע לבקר אותנו רק פעם אחת,6=pˈaam
minimal stress pairs,הלב שלו פעם בחוזקה מרוב התרגשות,3=paˈam
minimal stress pairs,יש פער גדול בין הציפיות למציאות,1=pˈaaʁ
minimal stress pairs,הוא פער את פיו בתדהמה גדולה,1=paˈaʁ
minimal stress pairs,היה לו פחד גדול מהחושך,2=pˈaχad
minimal stress pairs,הוא פחד לצאת לבד בלילה,1=paχˈad
minimal stress pairs,הוא אכל פיתה חמה עם חומוס,2=pˈita
minimal stress pairs,הוא פיתה את הילדים בעזרת סוכריות,1=pitˈa
minimal stress pairs,הזמנו פיצה משפחתית עם תוספות,1=pˈitsa
minimal stress pairs,הוא פיצה את חברו על הנזק שנגרם,1=pitsˈa
minimal stress pairs,היה לו רעד קל בידיים מהקור,2=ʁˈaad
minimal stress pairs,הוא רעד מפחד כששמע את הרעש,1=ʁaˈad
minimal stress pairs,הילדים רצו מהר מאוד אל המגרש,2=ʁˈatsu
minimal stress pairs,הם רצו לקנות מתנה יפה לאמא,1=ʁatsˈu
minimal stress pairs,הוא השאיר רושם מצוין בראיון,2=ʁˈoʃem
minimal stress pairs,הוא רושם את כל הפרטים במחברת,1=ʁoʃˈem
minimal stress pairs,יש לאוכל הזה טעם מיוחד מאוד,4=tˈaam
minimal stress pairs,הוא טעם מהתבשיל כדי לבדוק תיבול,1=taˈam
minimal stress pairs,היא הכינה פשטידת תרד ובולגרית,3=tˈeʁed
minimal stress pairs,בבקשה תרד למטה להביא את הדואר,1=teʁˈed
minimal stress pairs,הוא תוקף את היריב בכל הכוח,1=tokˈef
minimal stress pairs,המסמך הזה כבר אינו בתוקף,5=batˈokef
minimal stress pairs,הוא עשה צעד אחד קדימה לעבר הבמה,2=tsˈaad
minimal stress pairs,החייל צעד בגאווה בתוך המצעד,1=tsaˈad
minimal stress pairs,הוא צפה בטלוויזיה במשך שעות,1=tsafˈa
minimal stress pairs,הקצפת צפה על פני השוקו החם,1=tsˈafa
minimal stress pairs,הוא משתמש בצופן סודי להודעה,2=betsˈofen
minimal stress pairs,הוא צופן בחובו סודות רבים,1=tsofˈen
minimal stress pairs,יש צורך דחוף בתיקון התקלה,1=tsˈoʁeχ
minimal stress pairs,הוא צורך הרבה אנרגיה במהלך היום,1=tsoʁˈeχ
minimal stress pairs,היו לו רק כמה גרושים בכיס,5=ɡʁˈuʃim
minimal stress pairs,הם גרושים כבר יותר מעשר שנים,1=ɡʁuʃˈim
minimal stress pairs,היא לבשה חצאית מיני קצרה,3=mˈini
minimal stress pairs,הוא התמודד עם דחף מיני חזק,4=minˈi
minimal stress pairs,היא מנגנת על אורגנית בחדרה,3=ʔoʁɡanˈit
minimal stress pairs,היא קונה רק תוצרת אורגנית,4=ʔoʁɡˈanit
minimal stress pairs,הוא הרגיש זעם רב על העוול,2=zˈaam
minimal stress pairs,הוא זעם על העובדים שלו אתמול,1=zaˈam
minimal stress pairs,היה לו כעס עצור בתוך הלב,2=kˈaas
minimal stress pairs,הוא כעס מאוד כששמע את החדשות,1=kaˈas
minimal stress pairs,יש עליו לחץ רב בעבודה,2=lˈaχats
minimal stress pairs,הוא לחץ על הכפתור כדי להתחיל,1=laχˈats
minimal stress pairs,הוא עוסק בתוך סחר בינלאומי,3=sˈaχaʁ
minimal stress pairs,הוא סחר ביהלומים יקרי ערך,1=saχˈaʁ
minimal stress pairs,הוא שמע לחש חרישי בחדר,2=lˈaχaʃ
minimal stress pairs,הוא לחש לה סוד באוזן,1=laχˈaʃ
minimal stress pairs,האריה הוא חיה חזקה ומלכותית,3=χajˈa
minimal stress pairs,היא חיה בקיבוץ במשך שנים,1=χˈaja
minimal stress pairs,הרופא בדק את דופק הלב שלו,3=dˈofek
minimal stress pairs,מישהו דופק חזק על הדלת,1=dofˈek
minimal stress pairs,הדבורה השאירה עוקץ בתוך העור,3=ʔˈokets
minimal stress pairs,הוא עוקץ את חבריו בבדיחות,1=ʔokˈets
minimal stress pairs,הגיע רק קומץ קטן של אנשים,3=kˈomets
minimal stress pairs,הוא קומץ את ידו לאגרוף,1=komˈets
minimal stress pairs,יש לו אוסף גדול של בולים,2=ʔˈosef
minimal stress pairs,הוא אוסף את הילדים מהגן,1=ʔosˈef
minimal stress pairs,היה לו דחף פתאומי לרוץ,2=dˈaχaf
minimal stress pairs,הוא דחף את העגלה הכבדה,1=daχˈaf
minimal stress pairs,הצבא הנחית מכה של מחץ,4=mˈaχats
minimal stress pairs,הוא מחץ את הזבוב על הקיר,1=maχˈats
minimal stress pairs,היא שותה קולה קרה עם קרח,2=kˈola
minimal stress pairs,קולה היה נעים מאוד,0=kolˈa
minimal stress pairs,היא רצה מהר כדי להספיק לאוטובוס,1=ʁˈatsa
minimal stress pairs,הוא רצה לקנות מכונית חדשה,1=ʁatsˈa
minimal stress pairs,הוא הרגיש כאב בתוך עורף הצוואר,4=ʔˈoʁef
minimal stress pairs,התליין עורף את ראש הנידון,1=ʔoʁˈef
minimal stress pairs,השמש זורחת במזרח כל בוקר,0=haʃˈemeʃ
minimal stress pairs,הוא שמש כעוזר בבית הכנסת,1=ʃimˈeʃ
minimal stress pairs,קראתי את המאמר בתוך פרק א',4=pˈeʁek
minimal stress pairs,הוא פרק את כל הציוד מהמשאית,1=paʁˈak
minimal stress pairs,אני אוהב לאכול סלט עם טחינה,5=tχinˈa
minimal stress pairs,פעולת טחינה של הקפה לוקחת זמן,1=tχinˈa
minimal stress pairs,החברה מפעילה הרבה בוטים לקידום,3=bˈotim
minimal stress pairs,הם אנשים בוטים וגסי רוח,2=botˈim
minimal stress pairs,טיילנו ליד נחל יפה בצפון,3=nˈaχal
minimal stress pairs,הוא נחל הצלחה גדולה בפרויקט,1=naχˈal
minimal stress pairs,היא קלעה צמה ארוכה בשיער,2=tsamˈa
minimal stress pairs,היא צמה כל יום שש שעות,1=tsˈama
minimal stress pairs,הוא שתה כוס מים קרים,1=ʃatˈa
minimal stress pairs,היא שתה בספינה גדולה,1=ʃˈata
minimal stress pairs,היא אפתה חלה מתוקה לשבת,2=χalˈa
minimal stress pairs,השנה חלה עליית מחירים גדולה,1=χˈala
minimal stress pairs,נשמע רעם חזק בשמיים,1=ʁˈaam
minimal stress pairs,קולו רעם בתוך החדר הסגור,1=ʁaˈam
minimal stress pairs,היה סחף גדול של אדמה בגשם,2=sˈaχaf
minimal stress pairs,הנאום שלו סחף את כל הקהל,3=saχˈaf
minimal stress pairs,היה דחק גדול בתוך התור,2=dˈaχak
minimal stress pairs,הוא דחק בו לסיים את העבודה,1=daχˈak
minimal stress pairs,הוא השתמש במחק כדי לתקן,3=maχˈak
minimal stress pairs,הוא מחק את כל הקבצים בטעות,1=maχˈak
minimal stress pairs,הוא בעל את הקרקע,1=baˈal
minimal stress pairs,הבעל שלה יצא מהבית,0=habˈaal
minimal stress pairs,החברה מואשמת בעושק של עובדים חלשים,2=beʔˈoʃek
minimal stress pairs,הוא עושק את העובדים שלו,1=ʔoʃˈek
minimal stress pairs,התינוק זחל על השטיח בסלון,1=zaχˈal
minimal stress pairs,ראינו זחל ירוק על העלה,1=zˈaχal
minimal stress pairs,הוא ילד קטן וחמוד מאוד,1=jˈeled
minimal stress pairs,הוא ילד אותה בלידה שלה,1=jilˈed
minimal stress pairs,מה האורך של השולחן הזה?,2=haʔˈoʁeχ
minimal stress pairs,זה אורך יותר מידי זמן,1=ʔoʁˈeχ
minimal stress pairs,קנינו טרופית קרה לילדים,1=tʁopˈit
minimal stress pairs,זוהי סביבה טרופית לחה מאוד,2=tʁˈopit
minimal stress pairs,הוא שותה סודה עם לימון,2=sˈoda
minimal stress pairs,הוא גילה את סודה הכמוס,3=sodˈa
minimal stress pairs,הספינה הטילה עוגן בנמל,3=ʔˈoɡen
minimal stress pairs,הוא עוגן את הסירה למזח,1=ʔoɡˈen
minimal stress pairs,זהו מהלך תקציבי חשוב מאוד,2=taktsivˈi
minimal stress pairs,תקציבי לעצמך זמן להרגע ולנשום,0=taktsevˈi
minimal stress pairs,החיה הזו ערסית ומסוכנת,2=ʔaʁsˈit
minimal stress pairs,לפי הלבוש שלה היא נראית ערסית,5=ʔˈaʁsit
minimal stress pairs,הם חלו במחלה קשה לצערנו,1=χˈalu
minimal stress pairs,החוקים החדשים חלו על כולם,3=χˈalu
minimal stress pairs,הם שבו הביתה לאחר המלחמה,1=ʃˈavu
minimal stress pairs,הם שבו את החיילים בקרב,1=ʃavˈu
minimal stress pairs,הם בנו בית חדש בשכונה,1=banˈu
minimal stress pairs,הוא האמין בנו מהרגע הראשון,2=bˈanu
minimal stress pairs,הוא ביצע מעשה אונס חמור,3=ʔˈones
minimal stress pairs,הוא אונס את החוק לפרשנות שלא מתאימה לו,1=ʔonˈes
minimal stress pairs,גילה היא ילדה מאוד חכמה,0=ɡˈila
minimal stress pairs,הוא גילה את האמת המרה,1=ɡilˈa
minimal stress pairs,יש לנו הרבה מזל בחיים,1=lˈanu
minimal stress pairs,הם לנו במלון במהלך הטיול,1=lˈanu
minimal stress pairs,המשטרה הטילה עוצר על העיר,3=ʔˈotseʁ
minimal stress pairs,הנהג עוצר לפני מעבר החצייה,1=ʔotsˈeʁ
minimal stress pairs,הוא קיבל עודף מהקופאית,2=ʔˈodef
minimal stress pairs,יש לה משקל עודף,3=ʔodˈef
minimal stress pairs,הוא קוצר את הפירות של עמלו,1=kotsˈeʁ
minimal stress pairs,יש לו קוצר נשימה במאמץ,2=kˈotseʁ
minimal stress pairs,אבי הוא האדם הכי יקר לי,0=ʔavˈi
minimal stress pairs,אבי הלך לקנות לחם במכולת,0=ʔˈavi
minimal stress pairs,"עלי מיד לאכול, כבר נהיה מאוחר",0=ʔalˈai
minimal stress pairs,עלי הוא חבר טוב שלי,0=ʔˈali
homographs,הוא נסע עם איזה רכב חדש כי הוא לא רכב על אופניים.,4=ʁˈeχev 9=ʁaχˈav
homographs,הוא קרא ספר מעניין בזמן שהוא ישב אצל ספר נשים.,2=sˈefeʁ 8=sapˈaʁ
homographs,הוא הוסיף מלח למרק החם כי הוא מלח מנוסה מאוד.,2=mˈelaχ 7=malˈaχ
homographs,הילד אכל גזר כתום ומתוק,2=ɡˈezeʁ
homographs,הוא הלך באיזו דרך ארוכה ואז דרך על קוץ קטן.,4=dˈeʁeχ 7=daʁˈaχ
homographs,השופט גזר עשר שנות מאסר על הנאשם,1=ɡazˈaʁ
homographs,הוא עמד ליד כל פתח בבניין ואז פתח את הדלת.,4=pˈetaχ 7=patˈaχ
homographs,זה היה רצח אכזרי במיוחד והרוצח רצח ללא שום רחמים.,2=ʁˈetsaχ 6=ʁatsˈaχ
homographs,אין שום קשר הגיוני לזה שהוא קשר את השרוכים מהר.,2=kˈeʃeʁ 6=kaʃˈaʁ
homographs,הוא באמת גבר חזק ומוצלח כי הוא גבר על המכשולים.,2=ɡˈeveʁ 7=ɡavˈaʁ
homographs,הוא שתל איזה צמח ירוק בגינה והוא צמח ממש מהר.,3=tsˈemaχ 7=tsamˈaχ
homographs,קראתי ספר מרתק בסוף השבוע,1=sˈefeʁ
homographs,הוא ספר את הכסף לפני שנכנס לחנות,1=safˈaʁ
homographs,היה הרבה מתח נוראי בחדר כשהוא מתח את החבל העבה.,2=mˈetaχ 7=matˈaχ
homographs,הוא שימש ככלי עזר מצוין בפרויקט ואז עזר לכל החברים.,3=ʔˈezeʁ 7=ʔazˈaʁ
homographs,הוא קיבל חלק ממש קטן למרות שזה משטח חלק לחלוטין.,2=χˈelek 8=χalˈak
homographs,הוא מזג שמן זית לסלט כדי לא להיות שמן מדי.,2=ʃˈemen 8=ʃamˈen
homographs,הוא חצה את הכביש והלך אל עבר השקיעה,6=ʔˈeveʁ
homographs,הזמן עבר מהר מאוד בזמן שנהנינו,1=ʔavˈaʁ
homographs,הוא בנה איזה פסל מדהים לגמרי אבל השופט פסל אותו.,3=pˈesel 8=pasˈal
homographs,יש לו זקן לבן וארוך כי הוא אדם זקן מאוד.,2=zakˈan 8=zakˈen
homographs,הוא טייל בכל שדה פתוח ופתאום ראה שדה ממש מפחידה.,3=sadˈe 8=ʃedˈa
homographs,הוא קשר את הסירה בעזרת חבל עבה,5=χˈevel
homographs,חבל מאוד שלא הגעת למסיבה אתמול,0=χavˈal
homographs,הלכנו בתוך דרך עפר צרה בין השדות,2=dˈeʁeχ
homographs,כל אלה הם קבוצת האנשים שהביאו אלה מעץ לתוך הקרב.,1=ʔˈele 7=ʔalˈa
homographs,הוא דרך בטעות על שלולית מים גדולה,1=daʁˈaχ
homographs,הוא שמע איזה זמר ישן ויפה שהקליט זמר מאוד מפורסם.,3=zˈemeʁ 7=zamˈaʁ
homographs,הוא קטף איזה פרח אדום ויפה בדיוק כשהוא פרח בגינה.,3=pˈeʁaχ 8=paʁˈaχ
homographs,האוכל שהכנת היה פשוט מצוין,0=ʔˈoχel
homographs,הוא אוכל תפוח אדום בכל בוקר,1=ʔoχˈel
homographs,הוא ישב לנוח מעט בצל העץ הגדול ואכל לחם עם בצל.,4=tsel 10=batsˈal
homographs,קטפתי פרח יפה בגינה הציבורית,1=pˈeʁaχ
homographs,הוא קנה איזה דגם מפואר וחדש לרכב אחרי שהוא דגם אותו.,3=dˈeɡem 9=daɡˈam
homographs,עץ השקד פרח בלבן עם בוא האביב,2=paʁˈaχ
homographs,הגלגל של המכונית התפנצ'ר באמצע הדרך,0=haɡalɡˈal
homographs,זה היה טבח נוראי ואכזרי והרוצח היה בעבר טבח במסעדה.,2=tˈevaχ 9=tabˈaχ
homographs,הוא היה מלך חזק ועוצמתי והוא מלך על העם שנים רבות.,2=mˈeleχ 7=malˈaχ
homographs,הוא חיכה לשמוע איזה פסק דין קשה השופט פסק להם היום.,4=psak 8=pasˈak
homographs,הילד גלגל את הכדור במורד הגבעה,1=ɡilɡˈel
homographs,יש לו גבה מאוד ארוכה,2=ɡabˈa
homographs,הפקיד גבה ממני תשלום על השירות,1=ɡavˈa
homographs,מכל הדלק של הרכב כמעט התרוקן,1=hadˈelek
homographs,השוטר דלק אחרי הגנב שברח מהמקום,1=dalˈak
homographs,זה כלל ברור וידוע בציבור שהוא כלל את כולם בתוך החשבון.,1=klal 7=kalˈal
homographs,הוא בדק כל פרט חשוב וקטן במסמך ואז פרט המון כסף.,3=pʁat 9=paʁˈat
homographs,הלוחם שלף את החרב מן הנדן,3=haχˈeʁev
homographs,המבנה העתיק חרב לחלוטין ברעידת האדמה,2=χaʁˈav
homographs,הוא חתך גזר דק למרק החם ואז גזר את הקופסה במספריים.,2=ɡˈezeʁ 8=ɡazˈaʁ
homographs,הספינה הגיעה סוף סוף אל היבשה,5=hajabaʃˈa
homographs,יש לשיר קצב מעולה ושמח וזה מתאים לכל קצב שעובד שם.,2=kˈetsev 8=katsˈav
homographs,הכביסה יבשה לגמרי בזכות השמש החזקה,1=javeʃˈa
homographs,אכלתי ירק ירוק ובריא בארוחת הצהריים,1=jˈeʁek
homographs,האיש ירק על המדרכה בניגוד לחוק,1=jaʁˈak
homographs,זה לקח איזה משך זמן די ארוך ואז הוא משך בחבל.,3=mˈeʃeχ 9=maʃˈaχ
homographs,הוא יצא אתמול בבוקר,1=jatsˈa
homographs,הוא יצא מחר בבוקר,1=jetsˈe
homographs,יש כלל ברור שצריך לעקוב אחריו,1=klal
homographs,הסכום כלל גם את דמי המשלוח,1=kalˈal
homographs,הוא ראה סדק עמוק וארוך בקיר אחרי שהוא סדק אותו בכוונה.,2=sˈedek 8=sadˈak
homographs,הוא אדם רשע אכזר ורע ויש בו רשע נורא וחסר גבולות.,2=ʁaʃˈa 8=ʁˈeʃa
homographs,זה היה פשע חמור ונוראי ממש כי הוא פשע בכוונה תחילה.,2=pˈeʃa 8=paʃˈa
homographs,הלכנו לאיבוד בתוך מדבר צחיח,3=midbˈaʁ
homographs,הוא לקח זרע אחד קטן של עגבנייה ואז זרע אותו בגינה.,2=zˈeʁa 9=zaʁˈa
homographs,הוא יצא לטייל בכל טבע הארץ היפה למרות שהוא טבע בעבר.,5=tˈeva 10=tavˈa
homographs,הוא מדבר בטלפון כבר חצי שעה,1=medabˈeʁ
homographs,הוא קנה צבע לבן ויפה לחדר ואז צבע את כל הקירות.,2=tsˈeva 8=tsavˈa
homographs,למדתי פרק אחד מתוך משנה יומית,4=miʃnˈa
homographs,הוא הקריא קטע קצר ומרתק מהעיתון ואז קטע את דברי חברו.,2=kˈeta 8=katˈa
homographs,הוא קרא קריאת שמע בבוקר מיד אחרי שהוא שמע את ההודעה.,3=ʃma 9=ʃamˈa
homographs,הוא משנה את דעתו בכל פעם מחדש,1=meʃanˈe
homographs,הוא עבד בתור מלצר במשך הקיץ,1=ʔavˈad
homographs,הוא חווה סבל נוראי וכואב בעבודה כי הוא היה סבל במקצועו.,2=sˈevel 9=sabˈal
homographs,הוא השקיע עמל רב וקשה בפרויקט כי הוא אדם עמל מטבעו.,2=ʔamˈal 9=ʔamˈel
homographs,הוא קנה לחם לבן טרי וחם במאפייה אחרי שהוא לחם באויב.,2=lˈeχem 9=laχˈam
homographs,הוא הרגיש כמו עבד תחת המעסיק הקשה,3=ʔˈeved
homographs,הסתיו הוא עונה נפלאה לטיולים,2=ʔonˈa
homographs,הוא תמיד עונה בנימוס לכל שאלה,2=ʔonˈe
homographs,הוא נח כל שבת בבית בשקט וברוגע אחרי שהוא שבת ממלאכתו.,4=ʃabˈat 11=ʃavˈat
homographs,אלה הבגדים שקניתי אתמול בקניון,0=ʔˈele
homographs,אלה יכולה לשמש ככלי נשק,1=ʔalˈa
homographs,בחרתי צבע כחול לקירות החדר,1=tsˈeva
homographs,הוא צבע את הכיסא בצבע שמן,1=tsavˈa
homographs,המספר שבע נחשב למספר מזל,1=ʃˈeva
homographs,זה מוצר עם ערך עצום וגבוה בשוק אחרי שהוא ערך אותו.,4=ʔˈeʁeχ 10=ʔaʁˈaχ
homographs,יש שם הלך רוח מוזר ושלילי אבל הוא הלך לשם בכל זאת.,3=hˈeleχ 9=halˈaχ
homographs,אכלתי מספיק ואני מרגיש שבע לגמרי,4=savˈea
homographs,הוא איבד כל צלם אנוש אמיתי במלחמה לפני שהוא היה צלם.,4=tsˈelem 10=tsalˈam
homographs,קראתי עוד פרק בספר לפני השינה,2=pˈeʁek
homographs,הוא פרק את המזוודה מיד כשחזר,1=paʁˈak
homographs,הוא הרגיש זרם מים פתאומי וקר מאוד כשהנהר זרם חזק לים.,3=zˈeʁem 10=zaʁˈam
homographs,יש לרובה הזה קנה ארוך,3=kanˈe
homographs,הוא קנה מתנה יפה לאשתו,1=kanˈa
homographs,הוא גמר את כל שיעורי הבית,1=ɡamˈaʁ
homographs,יש לה גבה אחת יפה ודקה במיוחד והיא גבה חובות מאנשים.,3=ɡabˈa 9=ɡavˈa
homographs,הוא עשה תפר ארוך וחזק בחולצה הקרועה אחרי שהוא תפר אותה.,3=tˈefeʁ 10=tafˈaʁ
homographs,הוא שם עקב חדש ויפה לנעל השחורה למרות שהוא עקב אחריו.,3=ʔakˈev 10=ʔakˈav
homographs,המתח הגיע לשיאו לקראת הגמר הגדול,5=haɡmˈaʁ
homographs,הוא חווה כשל חמור ומערכתי בעבודה הקודמת כי הוא כשל בתפקיד.,3=kˈeʃel 10=kaʃˈal
homographs,הוא קנה סוודר חום ועבה כי היה לו חום גבוה.,3=χum 8=χom
homographs,הוא קיבל עונש חמור בגלל שהוא הכה חמור מסכן.,3=χamˈuʁ 7=χamˈoʁ
slang,סגור חביבי נדבר מחר,1=χavˈivi
slang,איזה פאדיחה קרתה לי,1=fadˈiχa
slang,הוא ממש יצא פארש,3=faʁʃ
slang,עזוב זה סתם חארטה,3=χˈaʁta
slang,איזה סקאם לא מאמין שקניתי את זה,1=skam
slang,שיחקת אותה יא תותח!,2=ja
slang,איזה שיחוק כל הכבוד,1=ʃiχˈuk
slang,"וואי, אני שבוז רצח היום.",0=wai 2=ʃavˈuz
slang,איזה נאחס אחי,1=naχs
slang,וואי הוא יצא כזה פיתה,0=wai 4=pˈita
slang,הוא דפק ברז ברגע האחרון.,2=bˈeʁez
slang,הוא תפר את העסקה הזאת בשנייה.,1=tafˈaʁ
slang,"חבל על הזמן, זה פשוט ליגה.",5=lˈiɡa
slang,"בוא נדבר דוגרי, זה לא יעבוד.",2=dˈuɡʁi
slang,הוא סתם עושה פוזות.,3=pˈozot
slang,איזה קאדר עשו לנו שם.,1=kˈadeʁ
slang,"עזוב, הוא סתם מחפש צומי.",4=tsˈumi
slang,יש פה ריח של קומבינה,4=kombˈina
slang,"וואי, הוא יצא פלופ רציני.",0=wai 3=flop
slang,"וואלה, זה עלה לי גרושים.",0=wˈala 4=ɡʁˈuʃim
slang,"אל תדאג, אני אקמבן אותך.",3=ʔakambˈen
slang,תקעתי לאפה ואני לא יכול לזוז.,1=lˈafa
slang,בא לי לנשנש משהו בקטנה.,2=lenaʃnˈeʃ
slang,הוא אכל פליפ רציני.,2=flip
slang,מה קורה כפרה עליך.,2=kapaʁˈa
slang,היה אירוע אש אתמול.,2=ʔeʃ
slang,איזה בלאגן הולך פה.,1=balaɡˈan
slang,הוא כזה חופר ברמות.,2=χofˈeʁ
slang,הילד הזה שרוט לגמרי.,2=saʁˈut
slang,הכל פאנן אחי.,1=fanˈan
slang,תכלס אתה צודק לגמרי.,0=tˈaχles
slang,איזה סטלן הוא יא אללה.,1=satlˈan
slang,מה הולך אחי הכל טוב.,2=ʔaχˈi
slang,זה יקרה בדוק מחר.,2=badˈuk
slang,המסיבה הייתה פצצה אתמול.,2=ptsatsˈa
slang,הרכב הזה טיל בליסטי.,2=til
slang,איזה רעיון קטלני הבאת.,2=katlanˈi
slang,אני זורם איתך על זה.,1=zoʁˈem
slang,זה ממש מבאס מה שקרה.,2=mevaˈes
slang,האוכל פה פגז חבל על הזמן.,2=paɡˈaz
slang,היה מופע מטורף אתמול.,2=metoʁˈaf
slang,אני עף על השיר הזה.,1=ʔaf
slang,אל תהיה כזה סאחי משעמם.,3=sˈaχi
slang,כל הסיפור הזה הזיה מוחלטת.,3=hazajˈa
slang,הבדיחה הזאת פיפי מרוב צחוק.,2=pˈipi
slang,זה משחק שווה בטירוף.,2=ʃavˈe
slang,קיבלנו מנה לפנים במסעדה.,2=lapanˈim
slang,הסרט הזה חלש מאוד.,2=χalˈaʃ
slang,אני גמור מעייפות היום.,1=ɡamˈuʁ
slang,קמתי הפוך לגמרי הבוקר.,1=hafˈuχ
slang,אני חולה על הלהקה הזאת.,1=χolˈe
slang,הוא נראה מסטול מת.,2=mastˈul
slang,איזה ניג'ס הלקוח הזה.,1=nˈidʒes
slang,הבן אדם הזה קרוע בראש.,3=kaʁˈua
slang,הוא עובד כמו סוס כל היום.,3=sus
slang,מי שקונה שם פראייר רציני.,3=fʁˈajeʁ
slang,זה מבחן קל אחי.,2=kal
slang,אני אעזור לך בכיף מחר.,3=bekˈef
slang,תודה רבה לך נשמה טובה.,3=neʃamˈa
slang,בואי לפה מאמי שלי.,2=mˈami
slang,ראית איזה חתיך הוא.,2=χatˈiχ
slang,יש לה חיוך הורס פשוט.,3=hoʁˈes
slang,זה מחיר פסיכי לגמרי.,2=psˈiχi
slang,תיזהר זה נראה כמו עוקץ ברשת.,4=ʔˈokets
slang,הוא יצא לוזר במשחק הזה.,2=lˈuzeʁ
slang,איזה אהבל הוא יצא.,1=ʔˈahbal
slang,רק טמבל היה מסכים לזה.,1=tˈembel
slang,זה רעיון מפגר לחלוטין.,2=mefaɡˈeʁ
slang,הסרט הזה פשוט ענק אחי.,3=ʔanˈak
slang,אתה פשוט מלך העולם.,2=mˈeleχ
slang,תצא גבר ותגיד את האמת.,1=ɡˈeveʁ
slang,מה העניינים אחותי הכל טוב.,2=ʔaχotˈi
slang,המעיל הזה הוא חתיכת שוס רציני.,4=ʃos
slang,איזה באסה שירד גשם היום.,1=bˈasa
slang,זה גועל נפש של התנהגות.,1=ɡˈoal
slang,הוא נוהג פחד אלוהים.,2=pˈaχad
slang,איזה סרט אכלתי עליו.,1=sˈeʁet
slang,יש לו איזה קטע מוזר.,3=kˈeta
slang,הוא בן אדם גנוב לגמרי.,3=ɡanˈuv
slang,השאירו פה ברדק שלם.,2=baʁdˈak
slang,ההתנהלות פה ממש שכונה אחת גדולה.,3=ʃχunˈa
slang,הוא יצא כזה פלוץ מתנשא.,3=flots
slang,אני קצת חנון של מחשבים.,2=χnun
slang,החלוץ הזה הוא שפיץ עולמי.,3=ʃpits
slang,היה אימון פצצות לגבות.,2=ptsatsˈot
slang,הקינוח הזה הוא פשוט אליפות העולם.,4=ʔalifˈut
slang,השחקן הזה נתן הצגה אתמול.,3=hatsaɡˈa
slang,הסרטון הזה עשה לי קרינג' בגוף.,4=kʁindʒ
slang,אל תשלח לי הודעות ספאם כל היום.,4=spam
slang,יש מלא הייפ סביב המשחק הזה.,2=haip
slang,הוא בא עם וואסח של לוחם.,3=vˈasaχ
slang,זה היה שוק מוחלט בשבילי.,2=ʃok
slang,פתאום נפל עלינו בום כזה.,3=bum
slang,איזה יופי פשוט וואו מדהים.,3=vˈau
slang,הוא כל היום אוכל עליה תסביכים.,3=ʔoχˈel
slang,איזה חיבס הוא חי בסרט.,1=χˈibas
slang,תמיד היית חרשן בלימודים שלך.,2=χaʁʃˈan
slang,הבן אדם הזה דפוק בשכל.,3=dafˈuk
slang,זה טלפון מעפן לא שווה כלום.,2=maˈafan
slang,נראה לי שהוא קצת קוקו לאחרונה.,4=kˈuku
slang,היא מתנהגת כמו פרחה אמיתית.,3=fʁˈeχa
slang,הוא מדבר כמו ערס מצוי.,3=ʔaʁs
slang,תן לי איזו צ'פחה טובה על הכתף.,3=tʃˈapχa
slang,בא לי לתת לו כאפה מצלצלת.,4=kˈafa
slang,עשו לו חתיכת זובור במשרד.,3=zˈubuʁ
slang,האירוע אתמול היה פשוט פיצוץ של דבר.,4=pitsˈuts
slang,עשינו פה שדרוג רציני למערכת.,2=ʃidʁˈuɡ
slang,הסטנדאפיסט הזה פשוט קורע מצחוק.,3=koʁˈea
slang,הבגד הזה פשוט מעלף ומושך.,3=mealˈef
slang,הוא עושה עלינו פלאברה כל הזמן.,3=falˈabʁa
slang,הכל שם זה חארטבונה אחת גדולה.,3=χaʁtabˈuna
slang,אל תענה לו הוא סתם טרול רשת.,5=tʁol
slang,היה בינינו קליק מהרגע הראשון.,2=klik
slang,זרקנו פה איזו זולה נחמדה בחצר.,3=zˈula
slang,אני עכשיו במוד שאנטי באנטי.,3=ʃˈanti 4=bˈanti
slang,איזו סבטוחה עשיתם לי בחדר.,1=savtˈoχa
slang,קרתה פה איזו פשלה רצינית בחישוב.,3=fˈaʃla
slang,אני תכף חוטף פה קריזה עליכם.,4=kʁˈiza
slang,כולם פה באיזה אטרף לקראת ההופעה.,3=ʔˈatʁaf
slang,היה פשוט טירוף במגרש היום.,2=tiʁˈuf
slang,הפקקים פה זה מכה שלא כתובה.,3=makˈa
slang,איזה פלצן הוא עם היין שלו.,1=faltsˈan
slang,סגרנו שם בסטה מהר.,2=bˈasta
slang,יאללה בואו נזוז הביתה כבר.,0=jˈala
slang,סחתיין עליך על הציון הגבוה.,0=saχtˈein
slang,הוא ממש מבסוט מהעבודה החדשה שלו.,2=mabsˈut
slang,הנהג הזה פשוט מג'נון על הכביש.,3=madʒnˈun
slang,הוא אשכרה אמר לה את זה בפנים.,1=ʔˈaʃkaʁa
slang,הוא הריץ פה דאחקה לא מצחיקה.,3=dˈaχka
slang,איזו חפירה הוא הביא לי בטלפון.,1=χafiʁˈa
slang,אני מרגיש קצת קווץ' הבוקר.,3=kvetʃ
slang,אל תתנהג כמו פוץ מתנשא עכשיו.,3=puts
slang,יצאת חתיכת שמוק בהתנהגות שלך.,2=ʃmok
slang,המוצר שקניתי הוא פשוט דרעק מזויף.,4=dʁek
slang,המחשב הזה ממש ענתיקה איטית.,3=ʔantˈika
slang,במסיבה הייתה פשוט טרפת של אנשים.,3=taʁˈefet
slang,יש פה וייב ממש טוב היום.,2=vaib
slang,הוא דלוק עליה מאז התיכון.,1=dalˈuk
slang,הלוחם הזה מלא רעל בעיניים.,3=ʁˈaal
slang,הרכב הזה יצא פשוט בונבון נדיר.,4=bonbˈon
,,
slang,עשינו פה שפצור קטן לציוד,2=ʃiftsˈuʁ
slang,האוכל פה טעים אחושלוקי חבל על הזמן,3=ʔaχuʃlˈuki
slang,איזה מקום מפונפן פתחו פה,2=mefunfˈan
slang,הוא עשה את העבודה ממש חפיף,5=χafˈif
slang,היא חתיכת צ'ילבה אמיתית,2=tʃˈilba
slang,אל תהיה כזה בונקר אחי,3=bˈunkeʁ
slang,קום כבר מהספה יא פדלאה,4=fadlˈa.a
slang,חטפתי עליו ג'ננה מטורפת,2=dʒanˈana
slang,אתה חייב ללמוד לפרגן קצת יותר,3=lefaʁɡˈen
slang,הוא תמיד שומר על פאסון בעבודה.,4=fasˈon
slang,יאללה רבאק תעשה את זה כבר.,1=ʁˈabak
,,
Regular Homographed,הוא דגל בשוויון זכויות לכל אדם,1=daɡˈal
Regular Homographed,דגל המדינה התנופף בראש התורן,0=dˈeɡel
Regular Homographed,הוא הגה את המילה בצורה לא נכונה,1=haɡˈa
Regular Homographed,הנהג אחז בחוזקה בהגה המכונית,4=bahˈeɡe
Regular Homographed,קיבלתי חלק קטן מהעוגה הטעימה,1=χˈelek
Regular Homographed,המשטח היה חלק מאוד ומסוכן להליכה,2=χalˈak
Regular Homographed,האריה תפס את הטרף שלו ביער,3=hatˈeʁef
Regular Homographed,החתול טרף את האוכל שלו במהירות,1=taʁˈaf
Regular Homographed,הוא הציג ידע רב בתחום המדע,2=jˈeda
Regular Homographed,הוא ידע את התשובה לפני כולם,1=jadˈa
Regular Homographed,הגשם ירד ללא הפסקה במשך שעות,1=jaʁˈad
Regular Homographed,הוא ירד מהסולם אחרי שזה יתאפשר,1=jeʁˈed
Regular Homographed,הוא כתב מכתב תודה לחבריו,1=katˈav
Regular Homographed,היה לו כתב יד יפה ומסודר,2=ktav
Regular Homographed,הוא לקח את המפתח מהשולחן,1=lakˈaχ
Regular Homographed,הוא למד לקח חשוב מהטעות שלו,2=lˈekaχ
Regular Homographed,הוא מכר את הרכב הישן שלו,1=maχˈaʁ
Regular Homographed,הוא פגש מכר ותיק ברחוב,2=makˈaʁ
Regular Homographed,הוא מסר את החבילה לידי הדוור,1=masˈaʁ
Regular Homographed,היה מסר חשוב מאוד בתוך המכתב,1=mˈeseʁ
Regular Homographed,הוא נדר נדר לעזור לכל נזקק,1=nadˈaʁ 2=nˈedeʁ
Regular Homographed,הוא נדר שלא יחזור על הטעות,1=nadˈaʁ
Regular Homographed,העלה נשר מהעץ היישר אל האדמה,1=naʃˈaʁ
Regular Homographed,נשר גדול חג מעל הפסגות,0=nˈeʃeʁ
Regular Homographed,הוא עלה במעלה ההר התלול,1=ʔalˈa
Regular Homographed,עלה ירוק נשר מהענף אל המים,0=ʔalˈe
Regular Homographed,הוא חבש את הפצע בידו בזהירות,3=hapˈetsa
Regular Homographed,הוא פצע את פיו ולא הפסיק לדבר,3=patsˈa
Regular Homographed,הוא חפר קבר עמוק באדמה,2=kˈeveʁ
Regular Homographed,הוא קבר את זיכרונות העבר,1=kavˈaʁ
Regular Homographed,הוא רכב על אופניו אל הפארק,1=ʁaχˈav
Regular Homographed,רכב חדש חנה מול הבית שלנו,0=ʁˈeχev
Regular Homographed,הוא נראה רזה מאוד לאחר הדיאטה,2=ʁazˈe
Regular Homographed,הוא רזה בעשרה קילוגרמים תוך חודש,1=ʁazˈa
Regular Homographed,יש שבר קטן בחלון הסלון,1=ʃˈeveʁ
Regular Homographed,הוא שבר את הכוס בטעות,1=ʃavˈaʁ
Regular Homographed,הפצוע היה במצב אנוש לאחר התאונה,3=ʔanˈuʃ
Regular Homographed,הוא בן אנוש בעל רגשות עמוקים,2=ʔenˈoʃ
Regular Homographed,איש זקן ישב על הספסל בגן,1=zakˈen
Regular Homographed,הוא גידל זקן ארוך ולבן,2=zakˈan
Regular Homographed,הוא חתם על חוזה העסקה חדש,3=χozˈe
Regular Homographed,היא חוזה עתיד ורוד לחברה,1=χozˈa
Regular Homographed,חכה רגע שכחתי את התיק בבית,0=χakˈe
Regular Homographed,הוא דג דגים בעזרת חכה ארוכה,4=χakˈa
Regular Homographed,כל חפץ בחדר הזה מזכיר לי את העבר,1=χˈefets
Regular Homographed,הוא חפץ מאוד להצליח במבחן,1=χafˈets
Regular Homographed,השחקנים עלו אל במה גדולה ומוארת,3=bamˈa
Regular Homographed,במה השתמשת כדי לנקות את הכתם,0=bamˈe
Regular Homographed,הוא טבע בים כי לא ידע לשחות,1=tavˈa
Regular Homographed,הוא אוהב לטייל בתוך טבע פראי,4=tˈeva
ilspeech-v2-test,"ואז השלב הבא יהיה פשוט להסיק אנשים, אני אוכל להסיק צלם.",0=veʔˈaz 1=haʃlˈav 2=habˈa 3=jihjˈe 4=paʃˈut 5=lehasˈik 6=ʔanaʃˈim 7=ʔanˈi 8=ʔuχˈal 9=lehasˈiɡ 10=tsalˈam,,,,
ilspeech-v2-test,"שיבוא וצלם את אותם אנשים, גם יחד עם איזשהו ציוד סאונד שיוכל להקליט אותם.",0=ʃejavˈo 1=vejetsalˈem 2=ʔˈet 3=ʔotˈam 4=ʔanaʃˈim 5=ɡˈam 6=jaχˈad 7=ʔˈim 8=ʔejzeʃehˈu 9=tsijˈud 10=sˈaʔund 11=ʃejuχˈal 12=lehaklˈit 13=ʔotˈam,,,,
ilspeech-v2-test,"ואז אני אוכל להכפיל את זה, אני לא אצליח לעשות עשרים וחמש ימי צלום בחדש.",0=veʔˈaz 1=ʔanˈi 2=ʔuχˈal 3=lehaχpˈil 4=ʔˈet 5=zˈe 6=ʔanˈi 7=lˈo 8=ʔetstaʁˈeχ 9=laʔasˈot 10=ʔesʁˈim 11=veχamiʃˈa 12=jemˈej 13=tsilˈum 14=beχˈodeʃ,,,,
ilspeech-v2-test,אני אוכל לעשות מאה ימי צלום בחדש.,0=ʔanˈi 1=ʔuχˈal 2=laʔasˈot 3=mˈeʔa 4=jemˈej 5=tsilˈum 6=beχˈodeʃ,,,,
ilspeech-v2-test,"עוד אבטרים, אחלה, מעלה, תשלם על יום צלום, שלשת אלפים שקל פלוס מעם, כן, פשוט ככה.",0=ʔˈod 1=ʔˈavataʁim 2=ʔˈaχla 3=meʔulˈe 4=tʃalˈem 5=ʔˈal 6=jˈom 7=tsilˈum 8=ʃlˈoʃt 9=ʔalafˈim 10=ʃˈekel 11=plˈus 12=maʔˈam 13=kˈen 14=paʃˈut 15=kˈaχa,,,,
ilspeech-v2-test,"יאללה, מעלה, אתה רוצה שאני אתקין לך מניצט? אני גם יכול לעשות את זה.",0=jˈala 1=meʔulˈe 2=ʔatˈa 3=ʁotsˈe 4=ʃeʔanˈi 5=ʔatkˈin 6=leχˈa 7=mˈenitʃet 8=ʔanˈi 9=ɡˈam 10=jaχˈol 11=laʔasˈot 12=ʔˈet 13=zˈe,,,,
ilspeech-v2-test,וזה בעצם הטריגר שמתחיל את האוטומציה,0=vezˈe 1=beʔˈetsem 2=hatʁˈiɡeʁ 3=ʃematχˈil 4=ʔˈet 5=haʔotomˈatsja,,,,
ilspeech-v2-test,כל מה שתצטרך בקטע הזה של אוטומציות ובינה מלאכותית ותכן,0=kˈol 1=mˈa 2=ʃetitstaʁˈeχ 3=bakˈeta 4=hazˈe 5=ʃˈel 6=ʔotomˈatsjot 7=vebinˈa 8=melaχutˈit 9=vetˈoχen,,,,
ilspeech-v2-test,"וזה פשוט מדהים, יש פה כל כך הרבה אנשים שצריכים את זה.",0=vezˈe 1=paʃˈut 2=madhˈim 3=jˈeʃ 4=pˈo 5=kˈol 6=kˈaχ 7=haʁbˈe 8=ʔanaʃˈim 9=ʃetsʁiχˈim 10=ʔˈet 11=zˈe,,,,
ilspeech-v2-test,האלטרנטיבה היא לשלם למישהו בין אלפים שקל בחדש ל עשר עלף שקל בחדש.,0=haʔalteʁnatˈiva 1=hˈi 2=leʃalˈem 3=lemˈiʃu 4=bˈen 5=ʔalpˈajim 6=ʃˈekel 7=beχˈodeʃ 8=lˈe 9=ʔasˈeʁet 10=ʔalafˈim 11=ʃˈekel 12=beχˈodeʃ,,,,
ilspeech-v2-test,"ובואו, בינינו, עשר סרטונים בחדש זה לא מה שיגרם לעסק שלכם להתרומם, כאלו",0=vebˈoʔu 1=benˈenu 2=ʔasaʁˈa 3=siʁtonˈim 4=beχˈodeʃ 5=zˈe 6=lˈo 7=mˈa 8=ʃejiɡʁˈom 9=laʔˈesek 10=ʃelaχˈem 11=lehitʁomˈem 12=kiʔˈilu,,,,
ilspeech-v2-test,שלושה סרטונים מהעשרה הסרטונים האלה יהיו מדהימים ויתפוצצו ויגיעו אליכם מלא לידים.,0=ʃloʃˈa 1=siʁtonˈim 2=mehaʔasaʁˈa 3=siʁtonˈim 4=haʔˈele 5=jihjˈu 6=madhimˈim 7=vejitpotsetsˈu 8=vejaɡˈiʔu 9=ʔeleχˈem 10=malˈe 11=lˈidim,,,,
ilspeech-v2-test,"ואז חדש שלם, זהו, צרצרים.",0=veʔˈaz 1=χˈodeʃ 2=ʃalˈem 3=zˈehu 4=tsaʁtsaʁˈim,,,,
ilspeech-v2-test,הקטע הוא להסתכל על זה כמו מדורת שבט.,0=hakˈeta 1=hˈu 2=lehistakˈel 3=ʔˈal 4=zˈe 5=kmˈo 6=meduʁˈat 7=ʃˈevet,,,,
ilspeech-v2-test,"שבעצם הרעיון הוא כל הזמן להזין את המדורה הזאת עם תכן, כדי",0=ʃebeʔˈetsem 1=haʁaʔajˈon 2=hˈu 3=kˈol 4=hazmˈan 5=lehazˈin 6=ʔˈet 7=hameduʁˈa 8=hazˈot 9=ʔˈim 10=tˈoχen 11=kedˈej,,,,
ilspeech-v2-test,"יכול להיות שחלק מהתכן שתכניסו, כמו זה שהעליתי לפני כמעט שבוע, ביום ששי,",0=jaχˈol 1=lihjˈot 2=ʃeχˈelek 3=mehatˈoχen 4=ʃtaχnˈisu 5=kmˈo 6=zˈe 7=ʃeheʔelˈeti 8=lifnˈej 9=kimʔˈat 10=ʃavˈuʔa 11=bejˈom 12=ʃiʃˈi,,,,
ilspeech-v2-test,"זה יביא מלא אנשים, ויכול להיות יהיו תכנים שלא יביאו אנשים.",0=zˈe 1=javˈi 2=malˈe 3=ʔanaʃˈim 4=vejaχˈol 5=lihjˈot 6=jihjˈu 7=tχanˈim 8=ʃelˈo 9=javˈiʔu 10=ʔanaʃˈim,,,,
ilspeech-v2-test,אבל כמה ממכם באמת מצליחים לעמד בקצב?,0=ʔavˈal 1=kˈama 2=mimχˈem 3=beʔemˈet 4=matsliχˈim 5=laʔamˈod 6=bakˈetsev,,,,
ilspeech-v2-test,והאוטומציה הזאת יוצאת לדרך.,0=vehaʔotomˈatsja 1=hazˈot 2=jotsˈet 3=ladˈeʁeχ,,,,
ilspeech-v2-test,להמשיך להזין את המדורה הזאת בעוד ועוד תכן איכותי.,0=lehamʃˈiχ 1=lehazˈin 2=ʔˈet 3=hameduʁˈa 4=hazˈot 5=beʔˈod 6=veʔˈod 7=tˈoχen 8=ʔejχutˈi,,,,
ilspeech-v2-test,שיעזר לאנשים או שיבדר אנשים.,0=ʃejaʔazˈoʁ 1=leʔanaʃˈim 2=ʔˈo 3=ʃejevadˈeʁ 4=ʔanaʃˈim,,,,
ilspeech-v2-test,"ובכך להצליח, ואז הפניות פשוט יגיעו.",0=vebekˈaχ 1=lehatslˈiaχ 2=veʔˈaz 3=hapnijˈot 4=paʃˈut 5=jaɡˈiʔu,,,,
ilspeech-v2-test,שזה משהו שגם אני אלמד את בעלי העסקים.,0=ʃezˈe 1=mˈaʃu 2=ʃeɡˈam 3=ʔanˈi 4=ʔelamˈed 5=ʔˈet 6=baʔalˈej 7=haʔasakˈim,,,,
ilspeech-v2-test,"שבעצם אנשים יוכלו כבר ליצר תכן שיגיד, תראו, זה ההצעה שלי. כאלו, כן, אני נותן מלא תכן, מלא ערך, מלא זה,  אבל הנה, זה ההצעה שלי, זה מה שאני עושה עבור בעלי עסקים.",0=ʃebʔˈetsem 1=ʔanaʃˈim 2=juχlˈu 3=kvˈaʁ 4=litsˈoʁ 5=tˈoχen 6=ʃejaɡˈid 7=tiʁʔˈu 8=zˈe 9=hahatsaʔˈa 10=ʃelˈi 11=kiʔˈilu 12=kˈen 13=ʔanˈi 14=notˈen 15=malˈe 16=tˈoχen 17=malˈe 18=ʔˈeʁeχ 19=malˈe 20=zˈe 21=ʔavˈal 22=hˈine 23=zˈe 24=hahatsaʔˈa 25=ʃlˈi 26=zˈe 27=mˈa 28=ʃeʔanˈi 29=ʔosˈe 30=ʔavˈuʁ 31=baʔalˈej 32=ʔasakˈim,,,,
ilspeech-v2-test,"וזה יכול להיות אדיר, זה יכול להיות ענק.",0=vezˈe 1=jaχˈol 2=lihjˈot 3=ʔadˈiʁ 4=zˈe 5=jaχˈol 6=lihjˈot 7=ʔanˈak,,,,
ilspeech-v2-test,"שלום חברים וברוכים השוים לעוד הקלטה שלי, איתמר מתק לרנר.",0=ʃalˈom 1=χaveʁˈim 2=vebʁuχˈim 3=haʃavˈim 4=leʔˈod 5=haklatˈa 6=ʃelˈi 7=ʔˈitamaʁ 8=mˈotek 9=lˈeʁneʁ,,,,
ilspeech-v2-test,"ואני לא זוכר על מה דברתי, דברתי על דירקט אופר.",0=veʔanˈi 1=lˈo 2=zoχˈeʁ 3=ʔˈal 4=mˈa 5=dibˈaʁti 6=dibˈaʁti 7=ʔˈal 8=dajʁˈekt 9=ʔˈofeʁ,,,,
ilspeech-v2-test,הרעיון הוא שגם בתכן הזה,0=haʁaʔaˈon 1=hˈu 2=ʃeɡˈam 3=batˈoχen 4=hazˈe,,,,
ilspeech-v2-test,"בסוף האוטומציה מה שקורה זה שיוצא מה שנקרא חם מהתנור, סרטון",0=besˈof 1=haʔotomˈatsja 2=mˈa 3=ʃekoʁˈe 4=zˈe 5=ʃejotsˈe 6=mˈa 7=ʃenikʁˈa 8=χˈam 9=mehatanˈuʁ 10=siʁtˈon,,,,
ilspeech-v2-test,אני ממש רואה שאני בונה עסק של כמה מיליוני שקלים בשנה בתור התחלה.,0=ʔanˈi 1=mamˈaʃ 2=ʁoʔˈe 3=ʃeʔanˈi 4=bonˈe 5=ʔˈesek 6=ʃˈel 7=kˈama 8=miljonˈej 9=ʃkalˈim 10=beʃanˈa 11=betˈoʁ 12=hatχalˈa,,,,
ilspeech-v2-test,ואז אני אראה איך אני יכול להמשיך עם זה הלאה.,0=veʔˈaz 1=ʔanˈi 2=jiʁʔˈe 3=ʔˈejχ 4=ʔanˈi 5=jaχˈol 6=lehamʃˈiχ 7=ʔˈim 8=zˈe 9=hˈalʔa,,,,
ilspeech-v2-test,יש גם את הפרויקט של הבינה המלאכותית והמתמטיקה שגם מאוד מלהיב אותי.,0=jˈeʃ 1=ɡˈam 2=ʔˈet 3=hapʁojˈekt 4=ʃˈel 5=habinˈa 6=hamelaχutˈit 7=vehamatemˈatika 8=ʃeɡˈam 9=meʔˈod 10=malhˈiv 11=ʔotˈi,,,,
ilspeech-v2-test,אבל זה משהו שצריך לראות איך אני יכול לשלב בין השנים.,0=ʔavˈal 1=zˈe 2=mˈaʃu 3=ʃetsaʁˈiχ 4=liʁʔˈot 5=ʔˈejχ 6=ʔanˈi 7=jaχˈol 8=leʃalˈev 9=bˈen 10=haʃnˈajim,,,,
ilspeech-v2-test,"אוקי, ואנחנו חוזרים להקלטה הבאה.",0=ʔokˈej 1=veʔanˈaχnu 2=χozʁˈim 3=lahaklatˈa 4=habaʔˈa,,,,
ilspeech-v2-test,"וממש אמרה, טוב, אני צריכה לחשב על זה וזה, כנראה שעדין הערך לא עובר בהצעה כמו שצריך.",0=vemamˈaʃ 1=ʔamʁˈa 2=tˈov 3=ʔanˈi 4=tsʁiχˈa 5=laχaʃˈov 6=ʔˈal 7=zˈe 8=vezˈe 9=kaniʁʔˈe 10=ʃeʔadˈajin 11=haʔˈeʁeχ 12=lˈo 13=ʔovˈeʁ 14=bahatsaʔˈa 15=kmˈo 16=ʃetsaʁˈiχ,,,,
ilspeech-v2-test,אני צריך לדבר פחות על הפיצרים ויותר על התמורה.,0=ʔanˈi 1=tsaʁˈiχ 2=ledabˈeʁ 3=paχˈot 4=ʔˈal 5=hafitʃeʁˈim 6=vejotˈeʁ 7=ʔˈal 8=hatmuʁˈa,,,,
ilspeech-v2-test,של האבטר עם הטקסט שאותו בעל העסק הזין לו.,0=ʃˈel 1=haʔˈavataʁ 2=ʔˈim 3=hatˈekst 4=ʃeʔotˈo 5=bˈaʔal 6=haʔˈesek 7=hezˈin 8=lˈo,,,,
ilspeech-v2-test,מה אם אני יכול ליצר עבורכם מערכת?,0=mˈa 1=ʔˈim 2=ʔanˈi 3=jaχˈol 4=litsˈoʁ 5=ʔavuʁχˈem 6=maʔaʁˈeχet,,,,
ilspeech-v2-test,שאתם לא תצטרכו לשלם לצלמים ואורחים?,0=ʃeʔatˈem 1=lˈo 2=titstaʁχˈu 3=leʃalˈem 4=letsalamˈim 5=veʔoʁχˈim,,,,
ilspeech-v2-test,אתם לא תצטרכו לצלם את עצמכם.,0=ʔatˈem 1=lˈo 2=titstaʁχˈu 3=letsalˈem 4=ʔˈet 5=ʔatsmeχˈem,,,,
ilspeech-v2-test,"ואז להמשיך, אוקי, מה שאני עושה, אני בונה מערכת אוטומציה שעושה את זה עבורך",0=veʔˈaz 1=lehamʃˈiχ 2=ʔˈokej 3=mˈa 4=ʃeʔanˈi 5=ʔosˈe 6=ʔanˈi 7=bonˈe 8=maʔaʁˈeχet 9=ʔotomˈatsja 10=ʃeʔosˈa 11=ʔˈet 12=zˈe 13=ʔavuʁχˈa,,,,
ilspeech-v2-test,"והתוצאות ממש ממש טובות, הנה תוצאה לדגמה.",0=vehatotsaʔˈot 1=mamˈaʃ 2=mamˈaʃ 3=tovˈot 4=hˈine 5=totsaʔˈa 6=leduɡmˈa,,,,
ilspeech-v2-test,"וככה להמשיך, ככה לעשות את זה.",0=vekˈaχa 1=lehamʃˈiχ 2=kˈaχa 3=laʔasˈot 4=ʔˈet 5=zˈe,,,,
ilspeech-v2-test,"כאלו אני חיב להראות להם תוצאות, אין מה לעשות.",0=keʔˈilu 1=ʔanˈi 2=χajˈav 3=lehaʁʔˈot 4=lahˈem 5=totsaʔˈot 6=ʔˈejn 7=mˈa 8=laʔasˈot,,,,
ilspeech-v2-test,"טוב, אנחנו חוזרים עכשו לעוד הקלטה שלי של מתק שהולך לאמן את הכל סופר דופר מגניב הזה.",0=tˈov 1=ʔanˈaχnu 2=χozʁˈim 3=ʔaχʃˈav 4=leʔˈod 5=haklatˈa 6=ʃelˈi 7=ʃˈel 8=mˈotek 9=ʃeholˈeχ 10=leʔamˈen 11=ʔˈet 12=hakˈol 13=sˈupeʁ 14=dˈupeʁ 15=maɡnˈiv 16=hazˈe,,,,
ilspeech-v2-test,"עכשו היתה לי שיחת מכירה עם לקוחה, והבנתי מיזה משהו.",0=ʔaχʃˈav 1=hajtˈa 2=lˈi 3=siχˈat 4=meχiʁˈa 5=ʔˈim 6=lakoχˈa 7=vehevˈanti 8=mizˈe 9=mˈaʃu,,,,
ilspeech-v2-test,ועם כתוביות בעברית על גבי המסך.,0=veʔˈim 1=ktuvijˈot 2=beʔivʁˈit 3=ʔˈal 4=ɡabˈej 5=hamasˈaχ,,,,
ilspeech-v2-test,צריך למכר את התמורה.,0=tsaʁˈiχ 1=limkˈoʁ 2=ʔˈet 3=hatmuʁˈa,,,,
ilspeech-v2-test,כי בסופו של דבר הפיצרים זה לא מה שמענין אנשים.,0=kˈi 1=besofˈo 2=ʃˈel 3=davˈaʁ 4=hafitʃeʁˈim 5=zˈe 6=lˈo 7=mˈa 8=ʃemʔanjˈen 9=ʔanaʃˈim,,,,
ilspeech-v2-test,"הטרנספורמציה שהם יעברו, איך זה יעזר להם לגדל ברשתות וכלי.",0=hatʁansfoʁmˈatsja 1=ʃehˈem 2=jaʔavʁˈu 3=ʔˈejχ 4=zˈe 5=jaʔazˈoʁ 6=lahˈem 7=liɡdˈol 8=baʁeʃatˈot 9=veχˈule,,,,
ilspeech-v2-test,"זה יכול להיות ממש טוב, אני גם צריך להבין את הענין הזה באמת של המאה סרטונים בחדש,  למרות שמאה סרטונים בחדש זה",0=zˈe 1=jaχˈol 2=lihjˈot 3=mamˈaʃ 4=tˈov 5=ʔanˈi 6=ɡˈam 7=tsaʁˈiχ 8=lehavˈin 9=ʔˈet 10=haʔinjˈan 11=hazˈe 12=beʔemˈet 13=ʃˈel 14=hamˈeʔa 15=siʁtonˈim 16=beχˈodeʃ 17=lamʁˈot 18=ʃemˈeʔa 19=siʁtonˈim 20=beχˈodeʃ 21=zˈe,,,,
ilspeech-v2-test,פי עשר ממה שאנשים אחרים מוצאים.,0=pˈi 1=ʔˈeseʁ 2=mimˈa 3=ʃeʔanaʃˈim 4=ʔaχeʁˈim 5=motsiʔˈim,,,,
ilspeech-v2-test,"ואני צריך פשוט לגרם לאנשים להבין שאם הם משלמים יותר, אז יהיו להם יותר סרטונים, נגיד.",0=veʔanˈi 1=tsaʁˈiχ 2=paʃˈut 3=liɡʁˈom 4=laʔanaʃˈim 5=lehavˈin 6=ʃeʔˈim 7=hˈem 8=meʃalmˈim 9=jotˈeʁ 10=ʔˈaz 11=jihjˈu 12=lahˈem 13=jotˈeʁ 14=siʁtonˈim 15=naɡˈid,,,,
ilspeech-v2-test,אז אני צריך לבנות את זה באתר איכשהו ולהראות איך זה עובד וכל הדבר הזה.,0=ʔˈaz 1=ʔanˈi 2=tsaʁˈiχ 3=livnˈot 4=ʔˈet 5=zˈe 6=baʔatˈaʁ 7=ʔˈejχʃehu 8=velehaʁʔˈot 9=ʔˈejχ 10=zˈe 11=ʔovˈed 12=vekˈol 13=hadavˈaʁ 14=hazˈe,,,,
ilspeech-v2-test,"אז אני באמת צריך ללכת יותר על עורכי דין, מאמנים שיש להם כסף, כאלו אנשים עם כסף.",0=ʔˈaz 1=ʔanˈi 2=beʔemˈet 3=tsaʁˈiχ 4=lalˈeχet 5=jotˈeʁ 6=ʔˈal 7=ʔoʁχˈej 8=dˈin 9=meʔamnˈim 10=ʃejˈeʃ 11=lahˈem 12=kˈesef 13=keʔˈilu 14=ʔanaʃˈim 15=ʔˈim 16=kˈesef,,,,
ilspeech-v2-test,באמת ארבעת אלפים חמש מאות שקל הוצאות שווק בחדש.,0=beʔemˈet 1=ʔaʁbaˈat 2=ʔalafˈim 3=χamˈeʃ 4=meʔˈot 5=ʃˈekel 6=hotsaʔˈot 7=ʃivˈuk 8=beχˈodeʃ,,,,
ilspeech-v2-test,"אבל זו הדרך של האורגני, אין מה לעשות. הנה, אם אפק הוציא את זה במשך שלושה חדשים, כל חדש ארבעת אלפים חמש מאות",0=ʔavˈal 1=zˈo 2=hadˈeʁeχ 3=ʃˈel 4=haʔoʁɡˈani 5=ʔˈejn 6=mˈa 7=laʔasˈot 8=hˈine 9=ʔˈim 10=ʔˈofek 11=hotsˈi 12=ʔˈet 13=zˈe 14=bemˈeʃeχ 15=ʃloʃˈa 16=χodaʃˈim 17=kˈol 18=χˈodeʃ 19=ʔaʁbaˈat 20=ʔalafˈim 21=χamˈeʃ 22=meʔˈot,,,,
ilspeech-v2-test,סימן שאנשים יכולים לשלם את זה.,0=simˈan 1=ʃeʔanaʃˈim 2=jeχolˈim 3=leʃalˈem 4=ʔˈet 5=zˈe,,,,
ilspeech-v2-test,אני חושב שיהיה אדיר לעשות את זה.,0=ʔanˈi 1=χoʃˈev 2=ʃejihjˈe 3=ʔadˈiʁ 4=laʔasˈot 5=ʔˈet 6=zˈe,,,,
ilspeech-v2-test,ואני חושב שזה ממש ממש יצליח.,0=veʔanˈi 1=χoʃˈev 2=ʃezˈe 3=mamˈaʃ 4=mamˈaʃ 5=jatslˈiaχ,,,,
ilspeech-v2-test,קופי אחד לאחד זה יהיה מדהים!,0=kˈopi 1=ʔeχˈad 2=leʔeχˈad 3=zˈe 4=jihjˈe 5=madhˈim,,,,
ilspeech-v2-test,"חוץ מזה אני צריך גם לערך קצת את הכל, להוסיף לו, לתקן אותו, להוסיף אקו, להוריד אקו, כל מיני דברים כאלה.",0=χˈuts 1=mizˈe 2=ʔanˈi 3=tsaʁˈiχ 4=ɡˈam 5=laʔaʁˈoχ 6=ktsˈat 7=ʔˈet 8=hakˈol 9=lehosˈif 10=lˈo 11=letakˈen 12=ʔotˈo 13=lehosˈif 14=ʔˈeko 15=lehoʁˈid 16=ʔˈeko 17=kˈol 18=minˈej 19=dvaʁˈim 20=kaʔˈele,,,,
ilspeech-v2-test,"עכשו מה אני אומר לכם, בעצם מה שאני עוצר פה זה הולך לעשות מהפכה בתחום הזה?",0=ʔaχʃˈav 1=mˈa 2=ʔanˈi 3=ʔomˈeʁ 4=laχˈem 5=beʔˈetsem 6=mˈa 7=ʃeʔanˈi 8=jʔotsˈeʁ 9=pˈo 10=zˈe 11=holˈeχ 12=laʔasˈot 13=mahapeχˈa 14=batχˈum 15=hazˈe,,,,
ilspeech-v2-test,"ואני הולך לחסל להרבה אנשים את העבודה, סתם, זה לא לחסל.",0=veʔanˈi 1=holˈeχ 2=leχasˈel 3=lehaʁbˈe 4=ʔanaʃˈim 5=ʔˈet 6=haʔavodˈa 7=stˈam 8=zˈe 9=lˈo 10=leχasˈel,,,,
ilspeech-v2-test,"אם אני מגיע למאה לקוחות כאלה בחדש, אני מרויח.",0=ʔˈim 1=ʔanˈi 2=maɡˈiʔa 3=lemˈeʔa 4=lakoχˈot 5=kaʔˈele 6=beχˈodeʃ 7=ʔanˈi 8=maʁvˈiaχ,,,,
ilspeech-v2-test,"זה אם הוא רוצה, הוא רואה את הסרטון, הוא אומר, ואו, הסרטון נראה ממש טוב, יאללה, אני רוצה להעלות אותו הלאה.",0=zˈe 1=ʔˈim 2=hˈu 3=ʁotsˈe 4=hˈu 5=ʁoʔˈe 6=ʔˈet 7=hasiʁtˈon 8=hˈu 9=ʔomˈeʁ 10=wˈaʔu 11=hasiʁtˈon 12=niʁʔˈa 13=mamˈaʃ 14=tˈov 15=jˈala 16=ʔanˈi 17=ʁotsˈe 18=laʔalˈot 19=ʔotˈo 20=hˈalʔa,,,,
ilspeech-v2-test,ארבע וחצי מיליון שקל בחדש.,0=ʔˈaʁba 1=vaχˈetsi 2=miljˈon 3=ʃˈekel 4=beχˈodeʃ,,,,
ilspeech-v2-test,ואני יכול להגיע למאה אנשים.,0=veʔanˈi 1=jaχˈol 2=lehaɡˈiʔa 3=lemˈeʔa 4=ʔanaʃˈim,,,,
ilspeech-v2-test,שיש להם את התקציב הזה.,0=ʃejˈeʃ 1=lahˈem 2=ʔˈet 3=hataktsˈiv 4=hazˈe,,,,
ilspeech-v2-test,"מתוך, לא יודע, כמה עשרות אלפי בעלי עסקים שיש בישראל.",0=mitˈoχ 1=lˈo 2=jodˈeʔa 3=kˈama 4=ʔasʁˈot 5=ʔalfˈej 6=baʔalˈej 7=ʔasakˈim 8=ʃejˈeʃ 9=bejisʁaʔˈel,,,,
ilspeech-v2-test,אחרי זה אני יכול גם לקחת את זה באנגלית.,0=ʔaχʁˈej 1=zˈe 2=ʔanˈi 3=jaχˈol 4=ɡˈam 5=lakˈaχat 6=ʔˈet 7=zˈe 8=beʔanɡlˈit,,,,
ilspeech-v2-test,ואני יכול ממש למנף את זה לחברה.,0=veʔanˈi 1=jaχˈol 2=mamˈaʃ 3=lemanˈef 4=ʔˈet 5=zˈe 6=leχevʁˈa,,,,
ilspeech-v2-test,"תשמע, ארבע וחצי מיליון שקל בחדש?",0=tʃmˈa 1=ʔˈaʁba 2=vaχˈetsi 3=miljˈon 4=ʃˈekel 5=beχˈodeʃ,,,,
ilspeech-v2-test,"מלא כסף, זה חמשים מיליון שקל בשנה.",0=malˈe 1=kˈesef 2=zˈe 3=χamiʃˈim 4=miljˈon 5=ʃˈekel 6=beʃanˈa,,,,
ilspeech-v2-test,"יורדים מזה, אני כנראה אצטרך גם עובדים וזה.",0=joʁdˈim 1=mizˈe 2=ʔanˈi 3=kaniʁʔˈe 4=ʔetstaʁˈeχ 5=ɡˈam 6=ʔovdˈim 7=vezˈe,,,,
ilspeech-v2-test,לוחץ איפשהו במערכת,0=loχˈets 1=ʔejfoʃehˈu 2=bamaʔaʁˈeχet,,,,
ilspeech-v2-test,"עלויות והכל, סתם אני אומר, נגיד חצי, עשרים מיליון.",0=ʔalujˈot 1=vehakˈol 2=stˈam 3=ʔanˈi 4=ʔomˈeʁ 5=naɡˈid 6=χˈetsˈi 7=ʔesʁˈim 8=miljˈon,,,,
ilspeech-v2-test,"וואלה זה נהדר, באמת נהדר, אם יהיו לי עשרה מיליון שקלים",0=wˈala 1=zˈe 2=nehedˈaʁ 3=beʔemˈet 4=nehedˈaʁ 5=ʔˈim 6=jihjˈu 7=lˈi 8=ʔasaʁˈa 9=miljˈon 10=ʃkalˈim,,,,
ilspeech-v2-test,וחלק אחר אני פשוט אשים בתיק השקעות.,0=veχˈelek 1=ʔaχˈeʁ 2=ʔanˈi 3=paʃˈut 4=ʔasˈim 5=betˈik 6=haʃkaʔˈot,,,,
ilspeech-v2-test,"ואני אמשיך לעבד, אני אצבר עוד ועוד הון.",0=veʔanˈi 1=ʔamʃˈiχ 2=laʔavˈod 3=ʔanˈi 4=ʔetsbˈoʁ 5=ʔˈod 6=veʔˈod 7=hˈon,,,,
ilspeech-v2-test,"זה למה התמחור צריך להיות פלוס מעם, אין מה לעשות, אני",0=zˈe 1=lˈama 2=hatimχˈuʁ 3=tsaʁˈiχ 4=lihjˈot 5=plˈus 6=maʔˈam 7=ʔˈejn 8=mˈa 9=laʔasˈot 10=ʔanˈi,,,,
ilspeech-v2-test,"מה לעשות? כאלו, זה הדרך שאני יכול לעשות את זה?",0=mˈa 1=laʔasˈot 2=keʔˈilu 3=zˈe 4=hadˈeʁeχ 5=ʃeʔanˈi 6=jaχˈol 7=laʔasˈot 8=ʔˈet 9=zˈe,,,,
ilspeech-v2-test,"ואם אני מגיע למאה לקוחות בחדש, מאה לקוחות, ארבע וחצי מיליון שקל בחדש.",0=veʔˈim 1=ʔanˈi 2=maɡˈiʔa 3=lemˈeʔa 4=lakoχˈot 5=beχˈodeʃ 6=mˈeʔa 7=lakoχˈot 8=ʔˈaʁba 9=vaχˈetsi 10=miljˈon 11=ʃˈekel 12=beχˈodeʃ,,,,
ilspeech-v2-test,אפלו אם אני מגיע לחמשים לקוחות,0=ʔafˈilu 1=ʔˈim 2=ʔanˈi 3=meɡˈiʔa 4=leχamiʃˈim 5=lakoχˈot,,,,
ilspeech-v2-test,זה שני מיליון שקל.,0=zˈe 1=ʃnˈej 2=miljˈon 3=ʃˈekel,,,,
ilspeech-v2-test,"נגיד אחרי זה, אם אני נשאר אפלו עם שמונה מאות אלף.",0=naɡˈid 1=ʔaχʁˈej 2=zˈe 3=ʔˈim 4=ʔanˈi 5=niʃʔˈaʁ 6=ʔafˈilu 7=ʔˈim 8=ʃmonˈa 9=meʔˈot 10=ʔˈelef,,,,
ilspeech-v2-test,"זה ביזנס, זה ביזנס ואפשר לעשות לו סקיל.",0=zˈe 1=bˈiznes 2=zˈe 3=bˈiznes 4=veʔefʃˈaʁ 5=laʔasˈot 6=lˈo 7=skˈajl,,,,
ilspeech-v2-test,"פשוט לשים שם משרד, לפתח משרד.",0=paʃˈut 1=lasˈim 2=ʃˈam 3=misʁˈad 4=liftˈoaχ 5=misʁˈad,,,,
ilspeech-v2-test,"טיק טוק, לאינסטגרם, ליוטיוב",0=tˈik 1=tˈok 2=laʔˈinsteɡʁam 3=lajˈutjub,,,,
ilspeech-v2-test,"ולהתחיל ליצר את התכן הזה ככה, ואז אולי להשקיע ולבנות מערכת משלי, שהיא תהיה אפלו יותר טובה ממה שקים היום.",0=velehatχˈil 1=litsˈoʁ 2=ʔˈet 3=hatˈoχen 4=hazˈe 5=kˈaχa 6=veʔˈaz 7=ʔulˈaj 8=lehaʃkˈiʔa 9=velivnˈot 10=maʔaʁˈeχet 11=miʃelˈi 12=ʃehˈi 13=tihjˈe 14=ʔafˈilu 15=jotˈeʁ 16=tovˈa 17=mimˈa 18=ʃekajˈam 19=hajˈom,,,,
ilspeech-v2-test,אבל זה ממש רק ההתחלה.,0=ʔavˈal 1=zˈe 2=mamˈaʃ 3=ʁˈak 4=hahatχalˈa,,,,
ilspeech-v2-test,כדי לראות איך הקול הזה מתנהל.,0=kedˈej 1=liʁʔˈot 2=ʔˈejχ 3=hakˈol 4=hazˈe 5=mitnahˈel,,,,
ilspeech-v2-test,"את יכולה פשוט להקליט את עצמך וזה יעבד בסדר גמור, כמו שאני עשיתי עד כה עם הסרטונים שלי.",0=ʔˈat 1=jeχolˈa 2=paʃˈut 3=lehaklˈit 4=ʔˈet 5=ʔatsmˈeχ 6=vezˈe 7=jaʔavˈod 8=besˈedeʁ 9=ɡamˈuʁ 10=kmˈo 11=ʃeʔanˈi 12=ʔasitˈi 13=ʔˈad 14=kˈo 15=ʔˈim 16=hasiʁtonˈim 17=ʃelˈi,,,,
ilspeech-v2-test,נורא בא לי גם לעשות סרטון על לבנת שהוא עם ה,0=noʁˈa 1=bˈa 2=lˈi 3=ɡˈam 4=laʔasˈot 5=siʁtˈon 6=ʔˈal 7=livnˈat 8=ʃehˈu 9=ʔˈim 10=hˈa,,,,
ilspeech-v2-test,"אבטר, שכאלו האבטר מגיב לה.",0=ʔˈavataʁ 1=ʃekiʔˈilu 2=haʔˈavataʁ 3=meɡˈiv 4=lˈa,,,,
ilspeech-v2-test,ולראות אם זה משהו שיעבד.,0=veliʁʔˈot 1=ʔˈim 2=zˈe 3=mˈaʃu 4=ʃejaʔavˈod,,,,
ilspeech-v2-test,"גם בא לי להקליט עוד אבטר שלי האמת, זה גם יהיה מגניב.",0=ɡˈam 1=bˈa 2=lˈi 3=lehaklˈit 4=ʔˈod 5=ʔˈavataʁ 6=ʃelˈi 7=haʔemˈet 8=zˈe 9=ɡˈam 10=jihjˈe 11=maɡnˈiv,,,,
ilspeech-v2-test,"אבל קדם כל אני חיב לבנות את האוטומציה הזאת, אני חמישי, ששי.",0=ʔavˈal 1=kˈodem 2=kˈol 3=ʔanˈi 4=χajˈav 5=livnˈot 6=ʔˈet 7=haʔotomˈatsja 8=hazˈot 9=ʔanˈi 10=χamiʃˈi 11=ʃiʃˈi,,,,
ilspeech-v2-test,"שבת, ראשון, כל היומים האלה, אני הולך להשקיע בבנית האוטומציה.",0=ʃabˈat 1=ʁiʃˈon 2=kˈol 3=hajamˈim 4=haʔˈele 5=ʔanˈi 6=holˈeχ 7=lehaʃkˈiʔa 8=bebnijˈat 9=haʔotomˈatsja,,,,
ilspeech-v2-test,"עד שהיא תעבד פרפקט, אני הולך גם",0=ʔˈad 1=ʃehˈi 2=taʔavˈod 3=pˈeʁfekt 4=ʔanˈi 5=holˈeχ 6=ɡˈam,,,,
ilspeech-v2-test,"שני חורים שחורים ענקים, האחד כבד פי שלושים ושש מהשמש שלנו.",0=ʃnˈej 1=χoʁˈim 2=ʃχoʁˈim 3=ʔanakˈim 4=haʔeχˈad 5=kavˈed 6=pˈi 7=ʃloʃˈim 8=veʃiʃˈa 9=mehaʃˈemeʃ 10=ʃelˈanu,,,,
ilspeech-v2-test,"שפשוט כאלו זה חלק מלהיות בן אדם, אי אפשר להיות רק בעבודה כל הזמן.",0=ʃepaʃˈut 1=keʔˈilu 2=zˈe 3=χˈelek 4=milihjˈot 5=bˈen 6=ʔadˈam 7=ʔˈi 8=ʔefʃˈaʁ 9=lihjˈot 10=ʁˈak 11=baʔavodˈa 12=kˈol 13=hazmˈan,,,,
ilspeech-v2-test,"אני אוכל לעשות להם צביעה של האבטרים, שזה יהיה מדהים, תחשב על זה.",0=ʔanˈi 1=ʔuχˈal 2=laʔasˈot 3=lahˈem 4=tsviʔˈa 5=ʃˈel 6=haʔˈavataʁim 7=ʃezˈe 8=jihjˈe 9=madhˈim 10=taχʃˈov 11=ʔˈal 12=zˈe,,,,
ilspeech-v2-test,תוצאה ישירה של ההתחממות הגלובלית. העלייה בטמפרטורות המים באוקיינוסים.,0=totsaʔˈa 1=jeʃiʁˈa 2=ʃˈel 3=hahitχamemˈut 4=haɡlobˈalit 5=haʔalijˈa 6=betempeʁatˈuʁot 7=hamˈajim 8=baʔokijˈanosim,,,,
ilspeech-v2-test,"הילה השמש ושלי גואטה, מפיקות ואורחות, אביב שם טוב מנהלת סיפור משפחתי.",0=hilˈa 1=ʃˈemeʃ 2=veʃˈeli 3=ɡuʔˈeta 4=mefikˈot 5=veʔoʁχˈot 6=ʔavˈiv 7=ʃˈem 8=tˈov 9=menahˈelet 10=sipˈuʁ 11=miʃpaχtˈi,,,,
ilspeech-v2-test,"לא הצליחו לאתר בעצמם את שרידי הצוללת. הסיבה הפשוטה ביותר לסטייה שכזו,",0=lˈo 1=hetslˈiχu 2=leʔatˈeʁ 3=beʔatsmˈam 4=ʔˈet 5=sʁidˈej 6=hatsolˈelet 7=hasibˈa 8=hapʃutˈa 9=bejotˈeʁ 10=lestijˈa 11=ʃekazˈo,,,,
ilspeech-v2-test,לא קשורים כלל לפעילות האנושית. מי שפרץ את מחסום הספקנות.,0=lˈo 1=kʃuʁˈim 2=klˈal 3=lapeʔilˈut 4=haʔenoʃˈit 5=mˈi 6=ʃepaʁˈats 7=ʔˈet 8=maχsˈom 9=hasafkanˈut,,,,
ilspeech-v2-test,"היא תהיה תחרות, כאלו יהיה לזה תחרות, יהיו עוד שחקנים שיבינו את מה שאני עושה.",0=hˈi 1=tihjˈe 2=taχaʁˈut 3=keʔˈilu 4=jihjˈe 5=lezˈe 6=taχaʁˈut 7=jihjˈu 8=ʔˈod 9=saχkanˈim 10=ʃejavˈinu 11=ʔˈet 12=mˈa 13=ʃeʔanˈi 14=ʔosˈe,,,,
ilspeech-v2-test,"פתרונות מקוריים ונועזים, ההיסטוריה מוכיחה שבאשראל יש לא מעט יזמים וממציאים.",0=pitʁonˈot 1=mekoʁijˈim 2=venoʔazˈim 3=hahistˈoʁja 4=moχiχˈa 5=ʃebejisʁaʔˈel 6=jˈeʃ 7=lˈo 8=meʔˈat 9=jazamˈim 10=umamtsiʔˈim,,,,
ilspeech-v2-test,החליטו החוקרים לשפר את הגלעים שלה. משנת אלפיים ועשר ועד אלפיים וחמש עשרה.,0=heχlˈitu 1=haχokʁˈim 2=leʃapˈeʁ 3=ʔˈet 4=haɡalaʔˈim 5=ʃelˈa 6=miʃnˈat 7=ʔalpˈajim 8=veʔˈeseʁ 9=veʔˈad 10=ʔalpˈajim 11=veχamˈeʃ 12=ʔesʁˈe,,,,
ilspeech-v2-test,אפשר היה להמיר אותם ישירות לאודיו ולשמוע אותם דרך הרמקולים.,0=ʔefʃˈaʁ 1=hajˈa 2=lehamˈiʁ 3=ʔotˈam 4=jeʃiʁˈot 5=laʔˈodjo 6=veliʃmˈoa 7=ʔotˈam 8=dˈeʁeχ 9=haʁˈamkolim,,,,
ilspeech-v2-test,"כל טריליון ומשהו הטונות של גז שנפלטו לאטמוספירה מאז המהפכה התעשייתית,",0=kˈol 1=tʁiljˈon 2=umˈaʃehu 3=hatˈonot 4=ʃˈel 5=ɡˈaz 6=ʃenifletˈu 7=laʔatmosfˈeʁa 8=meʔˈaz 9=hamahapeχˈa 10=hataʔasijatˈit,,,,
ilspeech-v2-test,ומכאן שיש אזורים ביקום שאנחנו פשוט לא מסוגלים לצפות בהם.,0=umikˈan 1=ʃejˈeʃ 2=ʔezoʁˈim 3=bajekˈum 4=ʃeʔanˈaχnu 5=paʃˈut 6=lˈo 7=mesuɡalˈim 8=litspˈot 9=bahˈem,,,,
ilspeech-v2-test,"והימים היו קצרים יותר. ובאוקיינוסים, שימיהם היו חומציים יותר מכפי שהם היום,",0=vehajamˈim 1=hajˈu 2=ktsaʁˈim 3=jotˈeʁ 4=ubaʔokijˈanosim 5=ʃemejmehˈem 6=hajˈu 7=χomtsijˈim 8=jotˈeʁ 9=mikfˈi 10=ʃehˈem 11=hajˈom,,,,
ilspeech-v2-test,זה שאני בא אליכם הביתה או למשרד.,0=zˈe 1=ʃeʔanˈi 2=bˈa 3=ʔeleχˈem 4=habˈajta 5=ʔˈo 6=lamisʁˈad,,,,
ilspeech-v2-test,"אדי מיים, מתאן ופחמן דו חמצני.",0=ʔedˈej 1=mˈajim 2=metʔˈan 3=vepaχmˈan 4=dˈu 5=χamtsanˈi,,,,
ilspeech-v2-test,שלום וברוכים הבאים לעושים היסטוריה. למה כל כך קשה לפתור את בעיית ההתחממות הגלובלית?,0=ʃalˈom 1=uvʁuχˈim 2=habaʔˈim 3=leʔosˈim 4=histˈoʁja 5=lˈama 6=kˈol 7=kˈaχ 8=kaʃˈe 9=liftˈoʁ 10=ʔˈet 11=beʔajˈat 12=hahitχamemˈut 13=haɡlobˈalit,,,,
ilspeech-v2-test,וברגע הזה חומר בהיקף של לא פחות משלוש פעמים המסה של השמש שלנו.,0=ubaʁˈeɡa 1=hazˈe 2=χˈomeʁ 3=behekˈef 4=ʃˈel 5=lˈo 6=paχˈot 7=miʃalˈoʃ 8=peʔamˈim 9=hamˈasa 10=ʃˈel 11=haʃˈemeʃ 12=ʃelˈanu,,,,
ilspeech-v2-test,כדי שאפשר יהיה לפנות את מאה שבעים ושש אנשי הצב.,0=kedˈej 1=ʃeʔefʃˈaʁ 2=jihjˈe 3=lefanˈot 4=ʔˈet 5=mˈeʔa 6=ʃivʔˈim 7=veʃiʃˈa 8=ʔanʃˈej 9=hatsˈevet,,,,
ilspeech-v2-test,גם עצם זה שקניתי את המיקרופון הזה שהתחיל מהפודקסט זה גם משהו שהוא ממש ממש טוב.,0=ɡˈam 1=ʔˈetsem 2=zˈe 3=ʃekanˈiti 4=ʔˈet 5=hamˈikʁofon 6=hazˈe 7=ʃehetχˈil 8=mehapˈodkast 9=zˈe 10=ɡˈam 11=mˈaʃu 12=ʃehˈu 13=mamˈaʃ 14=mamˈaʃ 15=tˈov,,,,
ilspeech-v2-test,"והיום אני לומד כל כך הרבה, אני לומד על בינה מלאכותית.",0=vehajˈom 1=ʔanˈi 2=lomˈed 3=kˈol 4=kˈaχ 5=haʁbˈe 6=ʔanˈi 7=lomˈed 8=ʔˈal 9=binˈa 10=melaχutˈit,,,,
ilspeech-v2-test,באוטומציה של מיק כי לזה ללקוחות לא תהיה גישה.,0=baʔotomˈatsja 1=ʃˈel 2=mˈajk 3=kˈi 4=lezˈe 5=lalakoχˈot 6=lˈo 7=tihjˈe 8=ɡiʃˈa,,,,
ilspeech-v2-test,"אני לא רואה סיבה להתייחס להערות, אני מעדיף לפרסם את המאמר במגזין אחר.",0=ʔanˈi 1=lˈo 2=ʁoʔˈe 3=sibˈa 4=lehitjaχˈes 5=laheʔaʁˈot 6=ʔanˈi 7=maʔadˈif 8=lefaʁsˈem 9=ʔˈet 10=hamaʔamˈaʁ 11=bemaɡazˈin 12=ʔaχˈeʁ,,,,
ilspeech-v2-test,למרות שהתיאוריה הראתה שגלי קבידה לעולם לא נצליח לגלות אותם בפועל.,0=lamʁˈot 1=ʃehateʔˈoʁja 2=heʁʔatˈa 3=ʃeɡalˈej 4=kvidˈa 5=leʔolˈam 6=lˈo 7=natslˈiaχ 8=leɡalˈot 9=ʔotˈam 10=bafˈoʔal,,,,
ilspeech-v2-test,יגרמו לקרני האור האלה להתעקם ולשנות את מסלולם.,0=jiɡʁemˈu 1=lekaʁnˈej 2=haʔˈoʁ 3=haʔˈele 4=lehitʔakˈem 5=veleʃanˈot 6=ʔˈet 7=maslulˈam,,,,
ilspeech-v2-test,"ואז נחיה ביחד, כאלו נחיה, אני לא יודע אם פה בחיפה בבת גלים, אבל",0=veʔˈaz 1=niχjˈe 2=bejˈaχad 3=keʔˈilu 4=niχjˈe 5=ʔanˈi 6=lˈo 7=jodˈeʔa 8=ʔˈim 9=pˈo 10=beχejfˈa 11=bˈat 12=ɡalˈim 13=ʔavˈal,,,,
ilspeech-v2-test,אבל זו לא הייתה אפשרות מעשית. תחשבו כמה קשה להציב את הזרוע הקטנה של מכונת המשחק.,0=ʔavˈal 1=zˈo 2=lˈo 3=hajtˈa 4=ʔefʃaʁˈut 5=maʔasˈit 6=taχʃevˈu 7=kˈama 8=kaʃˈe 9=lehatsˈiv 10=ʔˈet 11=hazʁˈoa 12=haktanˈa 13=ʃˈel 14=meχonˈat 15=hamisχˈak,,,,
ilspeech-v2-test,"וכעבור מספר ימי חיפושים, זוהו שרידיה של הקיי מאה עשרים ותשע.",0=vekaʔavˈoʁ 1=mispˈaʁ 2=jemˈej 3=χipusˈim 4=zohˈu 5=sʁidˈeha 6=ʃˈel 7=hakˈej 8=mˈeʔa 9=ʔesʁˈim 10=vetˈeʃa,,,,
ilspeech-v2-test,"שאנחנו לא ממש מסוגלים לדמיין את זה, הרי אנחנו אפילו לא מסוגלים לדמיין מרחב.",0=ʃeʔanˈaχnu 1=lˈo 2=mamˈaʃ 3=mesuɡalˈim 4=ledamjˈen 5=ʔˈet 6=zˈe 7=haʁˈej 8=ʔanˈaχnu 9=ʔafˈilu 10=lˈo 11=mesuɡalˈim 12=ledamjˈen 13=meʁχˈav,,,,
ilspeech-v2-test,ממשלת ארצות הברית סרבה בתחילה להגיב על הפרסום הזה.,0=memʃˈelet 1=ʔaʁtsˈot 2=habʁˈit 3=seʁvˈa 4=batχilˈa 5=lehaɡˈiv 6=ʔˈal 7=hapiʁsˈum 8=hazˈe,,,,
ilspeech-v2-test,באמצעות הבנה טובה יותר של התנגשויות והתמזגויות של גופים.,0=beʔemtsaʔˈut 1=havanˈa 2=tovˈa 3=jotˈeʁ 4=ʃˈel 5=hitnaɡʃujˈot 6=vehitmazɡujˈot 7=ʃˈel 8=ɡufˈim,,,,
ilspeech-v2-test,"הגדולים ביותר של האנושות, בפחות מאלפית מכותרו של פרוטון בודד.",0=haɡdolˈim 1=bejotˈeʁ 2=ʃˈel 3=haʔenoʃˈut 4=bepaχˈot 5=miʔalpˈit 6=mikotʁˈo 7=ʃˈel 8=pʁutˈon 9=bodˈed,,,,
ilspeech-v2-test,היא לספוח את הפחמן הדו חמצני באמצעות שגדלות לאורך חופי קליפורניה.,0=hˈi 1=lisfˈoaχ 2=ʔˈet 3=hapaχmˈan 4=hadˈu 5=χamtsanˈi 6=beʔemtsaʔˈut 7=ʃeɡdelˈot 8=leʔˈoʁeχ 9=χofˈej 10=kalifˈoʁnija,,,,
ilspeech-v2-test,ותפעול של ציוד הנדסי כבד בקרקעית האוקיינוס.,0=vetifʔˈul 1=ʃˈel 2=tsijˈud 3=handasˈi 4=kavˈed 5=bekaʁkaʔˈit 6=haʔokijˈanos,,,,
ilspeech-v2-test,התפנה איינשטיין לעסוק בהיבטים שונים של תורת היחסות שלו.,0=hitpanˈa 1=ʔˈajinʃtejn 2=laʔasˈok 3=behebetˈim 4=ʃonˈim 5=ʃˈel 6=toʁˈat 7=hajaχasˈut 8=ʃelˈo,,,,
ilspeech-v2-test,"אני מאוד אשמח להגיע למצב, ממש בחדשים הקרובים.",0=ʔanˈi 1=meʔˈod 2=ʔesmˈaχ 3=lehaɡˈiʔa 4=lematsˈav 5=mamˈaʃ 6=baχodaʃˈim 7=hakʁovˈim,,,,
ilspeech-v2-test,"אני ממש שמח שזה מה שאני עושה, זה באמת פשוט אדיר, כאלו",0=ʔanˈi 1=mamˈaʃ 2=samˈeaχ 3=ʃezˈe 4=mˈa 5=ʃeʔanˈi 6=ʔosˈe 7=zˈe 8=beʔemˈet 9=paʃˈut 10=ʔadˈiʁ 11=kiʔˈilu,,,,
ilspeech-v2-test,אופציה אחרת זה באמת להוסיף את הענין הזה של אבטר הולך.,0=ʔˈoptsija 1=ʔaχˈeʁet 2=zˈe 3=beʔemˈet 4=lehosˈif 5=ʔˈet 6=haʔinjˈan 7=hazˈe 8=ʃˈel 9=ʔˈavataʁ 10=holˈeχ,,,,
ilspeech-v2-test,"כשהיא פוגשת את שכבת המים העליונה, היא שוב מוחזרת לכיוון הקרקעית.",0=kʃehˈi 1=poɡˈeʃet 2=ʔˈet 3=ʃiχvˈat 4=hamˈajim 5=haʔeljonˈa 6=hˈi 7=ʃˈuv 8=muχzˈeʁet 9=lekijvˈun 10=hakaʁkaʔˈit,,,,
ilspeech-v2-test,גרמה גם להתפרקותם של הטילים הגרעיניים שהיא נשאה בבטנה.,0=ɡaʁmˈa 1=ɡˈam 2=lehitpaʁkutˈam 3=ʃˈel 4=hatilˈim 5=haɡaʁʔinijˈim 6=ʃehˈi 7=nasʔˈa 8=bevitnˈa,,,,
ilspeech-v2-test,"עלול לגרום לספינה להתפרק, למנוע עומס יתר על הכבל.",0=ʔalˈul 1=liɡʁˈom 2=lasfinˈa 3=lehitpaʁˈek 4=limnˈoa 5=ʔˈomes 6=jˈeteʁ 7=ʔˈal 8=hakˈabel,,,,
ilspeech-v2-test,ועכשו אני אלך לקנות לי סיגריה.,0=veʔaχʃˈav 1=ʔanˈi 2=ʔelˈeχ 3=liknˈot 4=lˈi 5=siɡˈaʁja,,,,
ilspeech-v2-test,אבל הזעזועים שטלטלו את המרחב.,0=ʔavˈal 1=hazaʔazuʔˈim 2=ʃetiltelˈu 3=ʔˈet 4=hameʁχˈav,,,,
ilspeech-v2-test,הייתה מעורבת ממילא באינספור פרויקטים צבאיים מתקדמים.,0=hajtˈa 1=meʔoʁˈevet 2=mimˈele 3=beʔejnsfˈoʁ 4=pʁojˈektim 5=tsvaʔijˈim 6=mitkadmˈim,,,,
ilspeech-v2-test,"תהיה חייבת להגיע ממקורות בלתי מתקלים, היא עדיין עניין יקר יחסית.",0=tihjˈe 1=χajˈevet 2=lehaɡˈia 3=mimekoʁˈot 4=bˈilti 5=mitkalˈim 6=hˈi 7=ʔadˈajin 8=ʔinjˈan 9=jakˈaʁ 10=jaχasˈit,,,,
ilspeech-v2-test,אני ממש רואה איך אני אוכל לעזר לה והיא תצמח ותגדל ויגיעו אליה עוד יותר לקוחות.,0=ʔanˈi 1=mamˈaʃ 2=ʁoʔˈe 3=ʔˈejχ 4=ʔanˈi 5=ʔuχˈal 6=laʔazˈoʁ 7=lˈa 8=vehˈi 9=titsmˈaχ 10=vetiɡdˈal 11=vejaɡˈiʔu 12=ʔelˈeha 13=ʔˈod 14=jotˈeʁ 15=lakoχˈot,,,,
ilspeech-v2-test,כמי שעשוי להביא לעליית הטמפרטורה. התשובה תמונה במנגנון משוב נסתר.,0=kemˈi 1=ʃeʔasˈuj 2=lehavˈi 3=leʔalijˈat 4=hatempeʁatˈuʁa 5=hatʃuvˈa 6=tmunˈa 7=bemanɡenˈon 8=maʃˈov 9=nistˈaʁ,,,,
ilspeech-v2-test,פרופסור גרוס מכוון לגופים אולטרה כבדים כמו חורים שחורים או כוכבי ניוטרון.,0=pʁofˈesoʁ 1=ɡʁˈos 2=meχavˈen 3=leɡufˈim 4=ʔˈultʁa 5=kvedˈim 6=kemˈo 7=χoʁˈim 8=ʃχoʁˈim 9=ʔˈo 10=koχvˈej 11=njutʁˈon,,,,
ilspeech-v2-test,"עשר שנים, לא יודע, כשהייתי בצבא התחלתי לצלם בסטילס, היום אני בוידאו.",0=ʔˈeseʁ 1=ʃanˈim 2=lˈo 3=jodˈeʔa 4=kʃehajˈiti 5=batsavˈa 6=hitχˈalti 7=letsalˈem 8=bestˈils 9=hajˈom 10=ʔanˈi 11=bevidjˈo,,,,
ilspeech-v2-test,ואלה חוברו בזה אחר זה תוך כדי הורדת הכבל למים.,0=veʔˈele 1=χubʁˈu 2=bazˈe 3=ʔaχˈaʁ 4=zˈe 5=tˈoχ 6=kedˈej 7=hoʁadˈat 8=hakˈabel 9=lamˈajim,,,,